modelo,marca,placa,color,ano,kilometraje,rentado,motor,precio_renta,ced_cliente,fecha_de_entrega
9-3,Saab,WAUDGAFL1BA612397,Teal,2003,53904,true,v12,234,17968859,10/8/2025
SSR,Chevrolet,5N1AA0ND4EN873446,Aquamarine,2004,34781,false,v8,409,22103176,18/12/2024
Roadmaster,Buick,SCFAB01A67G297221,Teal,1994,75998,true,v8,405,12320557,23/3/2025
S60,Volvo,WAUHFAFL1FN973910,Purple,2007,28892,true,v12,378,21949208,20/8/2024
Ram 2500,Dodge,19UUA56863A503363,Blue,2005,78539,false,v4,263,20475857,14/8/2024
TT,Audi,19VDE1F56EE977937,Yellow,2005,86404,false,v8,113,10079524,19/4/2024
Escort,Ford,5N1AA0NEXFN268910,Orange,1990,19783,true,v6,457,12928501,13/9/2024
Thunderbird,Ford,1N6AA0EC0EN730390,Orange,1985,85358,false,v6,454,14618529,9/4/2025
626,Mazda,3N1AB6AP5CL315660,Khaki,1985,22180,true,v4,419,28428262,2/11/2024
XG300,Hyundai,1G6KS54Y72U568860,Goldenrod,2001,52645,true,v8,114,27591630,28/11/2024
Tracer,Mercury,2C4JDGAG3CR473009,Purple,1991,96442,true,v6,80,12500853,2/3/2025
Sunfire,Pontiac,1G6AM5S39D0154891,Teal,1998,94203,true,v12,158,21545354,14/9/2024
del Sol,Honda,JM1DE1KY6C0639936,Purple,1995,20308,false,v8,225,27927833,22/3/2025
Econoline E250,Ford,JTDKTUD38ED190268,Purple,2000,25765,false,v6,112,18691404,6/2/2025
Forester,Subaru,WAUVT58E35A205465,Pink,2010,38963,false,v8,432,17010273,6/6/2025
S8,Audi,1N4AL3AP2EC074881,Turquoise,2008,62581,true,v4,144,21712341,29/8/2025
Roadmaster,Buick,1G6DE5EG7A0957140,Turquoise,1991,44962,true,v4,176,27762560,5/11/2025
Camaro,Chevrolet,WAUFGBFC2EN132834,Maroon,1970,44930,false,v12,296,27546511,14/4/2024
Escape,Ford,1G4GL5E30DF151327,Maroon,2012,14975,false,v8,142,23821103,20/3/2025
Azure,Bentley,WAUJT68E15A017502,Indigo,2007,17053,true,v4,489,15876690,16/12/2024
Windstar,Ford,1FBSS3BL3AD738544,Teal,2000,48311,true,v12,92,21975541,16/3/2025
Sienna,Toyota,1FTSW2B57AE082113,Crimson,2002,22465,true,v12,493,28349951,13/5/2025
Suburban 1500,Chevrolet,WA1MMBFE0AD297831,Yellow,2000,77181,false,v8,441,15290109,20/3/2024
Silhouette,Oldsmobile,WA1LGAFE9CD918385,Teal,1999,49102,false,v12,373,24217136,29/12/2023
Landaulet,Maybach,1G6DV1EPXB0036637,Puce,2010,19188,false,v8,274,27906442,8/1/2024
Expedition,Ford,5UMDU93578L588079,Maroon,2009,89140,false,v6,215,19981265,29/7/2024
3500 Club Coupe,GMC,1FTEX1C85AF165305,Aquamarine,1998,89791,false,v12,476,20815785,6/11/2024
SLS AMG,Mercedes-Benz,WA1VMBFE1BD846426,Turquoise,2011,35475,false,v12,78,26631795,11/7/2024
Elantra,Hyundai,1G6DU57V390094699,Turquoise,1998,62465,false,v4,207,24239632,15/6/2025
Alcyone SVX,Subaru,1GTN1TEH4FZ047460,Khaki,1993,29928,true,v8,156,29039993,3/4/2025
Dakota Club,Dodge,1D7CE3GK6AS809425,Khaki,2004,78891,true,v4,232,20997659,8/3/2024
SLK-Class,Mercedes-Benz,4T1BF3EK1AU659715,Goldenrod,2009,64236,false,v8,67,17396202,10/1/2025
Lancer,Mitsubishi,KMHCT4AE0DU278798,Crimson,2003,44234,false,v6,77,27928094,23/1/2024
Civic,Honda,1C6RD6HT3CS064076,Turquoise,1988,62670,false,v6,335,11870681,4/11/2025
NSX,Acura,JHMZF1C67ES662535,Yellow,1992,12886,false,v8,98,22041696,5/11/2025
Acadia,GMC,SCBBR9ZA7DC658873,Red,2012,48922,true,v12,290,28220413,19/8/2024
Crown Victoria,Ford,JH4CU4F43CC002152,Pink,1999,95110,true,v4,478,19412925,30/1/2025
Corvette,Chevrolet,1C3CDZBG9EN842737,Yellow,1984,15818,false,v12,255,16508614,28/5/2025
Tracker,Geo,WAULT58E95A697796,Teal,1996,58981,true,v4,212,13535901,3/1/2025
Maxima,Nissan,1C3BC1FB3BN874190,Goldenrod,2003,95739,false,v6,355,14442017,3/2/2025
Century,Buick,1GYS4LKJ5FR571857,Puce,1987,93159,false,v8,231,21718755,6/4/2025
Riviera,Buick,1G6DL8ED6B0321856,Orange,1993,20570,false,v8,175,10935417,22/7/2025
Ascender,Isuzu,WA1BY94L18D303054,Khaki,2007,27843,true,v8,156,28618593,3/10/2025
Skylark,Buick,W04GY5GV9B1510716,Mauv,1990,66479,false,v6,67,15209029,15/12/2023
Highlander,Toyota,2GKALMEKXD6613127,Fuscia,2001,81872,false,v8,298,25614302,28/11/2023
Maxima,Nissan,WBAVA375X8N946530,Fuscia,1996,12051,false,v8,271,28776939,27/11/2024
GS,Lexus,1VWAH7A35EC239366,Orange,2002,91953,false,v4,56,24803356,7/1/2024
Esprit,Lotus,2HNYD2H22AH284201,Blue,1987,62287,true,v4,108,29885131,1/2/2024
A4,Audi,WP0CA2A80DK482263,Red,2009,94302,true,v12,130,26064773,13/6/2025
Range Rover,Land Rover,WA1CGAFE6ED426447,Teal,1998,91046,false,v4,367,29706129,15/7/2024
929,Mazda,1GD02ZCG0EF676200,Goldenrod,1988,52735,true,v4,383,23364982,3/8/2025
Escalade EXT,Cadillac,1GYS3KEF3CR722789,Indigo,2011,30595,false,v4,144,26282985,3/5/2024
MKZ,Lincoln,1J4NF1GB1AD468678,Indigo,2010,22530,false,v12,489,21341230,28/11/2024
Corolla,Toyota,KL4CJGSB8FB152052,Violet,2005,85461,true,v8,141,19819238,31/3/2024
Discovery,Land Rover,WAUAF78E37A920315,Violet,2001,37509,false,v4,323,15520992,30/4/2024
Jetta III,Volkswagen,1D7RE3BK2AS879893,Indigo,1995,9153,true,v12,291,11912572,11/2/2024
Sentra,Nissan,WAUUL78EX6A951159,Purple,1994,96353,false,v12,57,27613814,21/5/2024
Millenia,Mazda,1C3CDZBGXDN291068,Goldenrod,2002,16471,true,v8,427,14603965,6/6/2024
Crown Victoria,Ford,1C6RD7HT7CS950245,Puce,1994,57683,true,v12,97,13184752,24/3/2024
5 Series,BMW,1GYS3HEF5CR166794,Maroon,2002,21055,false,v12,273,10428285,1/1/2025
Focus ST,Ford,WBAGL63545D185893,Fuscia,2013,16384,false,v6,300,15363396,3/8/2025
7 Series,BMW,WAUNF78P68A137512,Aquamarine,1994,96808,false,v4,262,28306661,8/2/2024
RAV4,Toyota,5GAKVBED8BJ161745,Crimson,2000,16050,true,v4,366,24747912,16/12/2024
IS-F,Lexus,5LMJJ2H55EE226163,Maroon,2008,22891,true,v4,406,25523305,5/3/2024
Elise,Lotus,SCBZB25E82C040400,Orange,2010,29378,false,v12,491,10951654,23/4/2024
S80,Volvo,4JGCB2FE2CA794273,Puce,2002,59437,true,v8,373,16900008,9/12/2024
Century,Buick,WA1YL54B74N000700,Khaki,1987,99426,false,v12,329,22343211,7/3/2025
Escalade,Cadillac,5N1AT2ML2EC224593,Green,2004,28933,true,v4,376,13878091,30/7/2025
Eclipse,Mitsubishi,5N1AR2MM3DC890366,Fuscia,2006,33339,true,v4,471,23716300,24/10/2024
Envoy XL,GMC,1FTMF1E82AF383004,Goldenrod,2005,63877,false,v6,177,18585472,30/8/2025
Leaf,Nissan,WBAUN1C58CV671906,Fuscia,2012,10184,false,v12,152,16073590,24/10/2025
929,Mazda,19UUA56791A799774,Crimson,1990,18889,false,v12,311,10424347,29/9/2025
Rodeo,Isuzu,WAUFFAFLXAA490486,Indigo,1996,89520,false,v12,404,14034737,23/8/2025
Maxima,Nissan,WAUJC58E25A320279,Crimson,2004,81096,false,v8,286,19000802,27/2/2024
Quest,Nissan,WBA6A0C57ED336529,Orange,1998,23008,false,v8,226,13240589,3/11/2025
rio,Volkswagen,WDBSK7AA2BF961376,Pink,1995,56451,true,v8,104,12766335,27/9/2024
Cooper,MINI,4T1BF3EK3BU922885,Indigo,2003,66146,false,v6,317,13879383,11/11/2025
Tiburon,Hyundai,JTHBF1D26F5384269,Pink,1999,43912,true,v12,174,21177851,30/8/2025
Maxima,Nissan,1B3CB3HA1BD067757,Red,2006,98322,false,v4,103,27991667,12/5/2024
Capri,Mercury,3VW1K7AJXBM414558,Aquamarine,1984,32567,false,v8,173,29819220,7/1/2024
Vandura G3500,GMC,5TFAW5F19EX427109,Khaki,1995,14378,true,v12,477,16050905,14/9/2025
9-2X,Saab,SCBBB7ZH6CC531777,Crimson,2006,67352,false,v12,299,16901820,6/7/2025
Bonneville,Pontiac,1D7RB1CT7BS706456,Purple,1985,68787,false,v6,415,25125468,12/1/2024
ES,Lexus,1G6DG577780913849,Maroon,2012,6109,true,v6,122,24655937,10/6/2025
GTO,Mitsubishi,WBAYB6C56DD202005,Orange,1991,54689,false,v12,214,18000553,4/4/2024
Trooper,Isuzu,5NPDH4AEXCH070513,Fuscia,1994,9541,false,v4,333,15148792,12/3/2025
Santa Fe,Hyundai,KMHHT6KD1DU194562,Blue,2012,53983,true,v4,285,10951400,4/12/2024
Xtra,Toyota,KNALN4D71F5205753,Puce,1995,38206,true,v4,455,13560310,5/7/2024
GX,Lexus,1FTMF1CW9AK443739,Violet,2008,71031,false,v6,360,10287784,15/1/2024
458 Italia,Ferrari,1G6DW67V890075355,Purple,2011,91535,false,v4,462,23099783,20/4/2024
G-Series G30,Chevrolet,3VW1K7AJ0BM580135,Teal,1995,30697,false,v4,76,27451147,10/6/2024
Cruze,Chevrolet,WBAYA6C53FG702899,Maroon,2011,77483,true,v4,399,19134990,2/7/2025
A8,Audi,1FMJU1G57AE395484,Turquoise,1998,44293,false,v4,461,18428044,18/7/2024
F150,Ford,KM8NU4CC4CU352871,Violet,2006,45752,false,v4,65,15497158,29/1/2025
Legend,Acura,1D7RW3GK0BS482352,Orange,1995,38840,true,v4,295,16185067,25/1/2024
Matrix,Toyota,5J6YH1H39AL900910,Goldenrod,2010,78692,false,v4,326,21682541,24/3/2025
LeSabre,Buick,3LNHL2GC5BR423323,Fuscia,2000,90489,true,v8,332,23788698,5/12/2023
Tredia,Mitsubishi,WBA3N5C56EK555692,Indigo,1984,86560,true,v4,213,28332907,11/4/2024
Caravan,Dodge,1G6DK5EG2A0849923,Mauv,2008,68669,false,v12,147,20933742,19/2/2025
G-Series G20,Chevrolet,1GYUKEEJ1AR720795,Maroon,1992,34732,false,v12,441,24645465,25/11/2024
Explorer,Ford,WAUBC48H86K671931,Blue,2003,88741,true,v4,326,28562485,14/11/2024
Caravan,Dodge,2T1KU4EE3CC397657,Fuscia,2006,80262,true,v8,374,14605553,8/7/2024
Continental Super,Bentley,WDDLJ6FB8FA666070,Blue,2012,96701,false,v12,103,23515205,16/10/2025
Fusion,Ford,JN8AF5MR3FT112053,Pink,2011,48353,true,v12,248,10059234,3/3/2024
Maxima,Nissan,WP0CA2A88FS004711,Indigo,1998,35242,false,v6,204,16165481,23/8/2025
E-Class,Mercedes-Benz,5FNYF3H24EB044052,Pink,1986,33350,true,v12,483,28441968,13/7/2025
Aventador,Lamborghini,3GYT4LEF7BG242406,Goldenrod,2012,96790,true,v8,356,14003086,21/2/2024
Integra,Acura,WA1DGAFE7DD403780,Maroon,1997,77152,false,v12,116,17367862,4/9/2025
Ram 3500,Dodge,1G6DL1E31D0656203,Puce,2004,8275,false,v12,349,24546277,8/1/2024
Silverado,Chevrolet,WBA3N5C57EF192327,Yellow,2007,17671,true,v12,287,22384155,7/4/2025
Mazda3,Mazda,4USCN334X2L019164,Puce,2004,25384,true,v8,86,11368535,3/11/2024
A5,Audi,2G61U5S37D9825285,Violet,2008,67153,false,v8,401,17986910,25/2/2025
Tiburon,Hyundai,WA1CGAFP7EA469763,Pink,1997,70183,false,v6,165,17377868,3/8/2024
2500,Chevrolet,WUAAU34239N214859,Yellow,1999,74065,true,v4,435,21596180,22/8/2024
Yukon XL 1500,GMC,SAJWJ0FF8F8083434,Green,2002,99653,true,v6,444,13988975,24/3/2025
Commander,Jeep,5UXFA93576L812646,Teal,2009,41143,true,v8,454,13016792,9/8/2024
MR2,Toyota,19UUA9F77DA585023,Pink,2000,10010,false,v4,479,28416948,7/4/2024
E150,Ford,4JGDA2EB0CA366457,Purple,2005,17853,true,v12,120,14597667,8/5/2024
Envoy XL,GMC,1G6DP5E30D0044523,Maroon,2002,11040,true,v6,434,26573502,10/6/2025
Mustang,Ford,5FPYK1F28DB047478,Puce,1995,73447,false,v8,135,17402457,22/6/2025
Suburban 1500,GMC,WDDEJ7EB4BA465387,Khaki,1998,67618,true,v8,395,28546765,31/7/2025
Freelander,Land Rover,5N1AN0NW9FN902480,Khaki,2009,97096,false,v6,443,10131064,23/2/2025
Miata MX-5,Mazda,JH4CL96964C599326,Mauv,1992,56113,false,v4,384,21262246,14/4/2025
5 Series,BMW,5N1AN0NW6DN478012,Red,2006,14490,false,v12,374,23028830,15/7/2024
Camry,Toyota,3D73M4CL7BG584478,Green,1995,97765,false,v6,385,15659425,27/4/2024
600,BMW,5TDBKRFH5FS418385,Aquamarine,1958,96769,true,v6,484,24392776,14/10/2024
Ram 2500 Club,Dodge,WBAEK13446C595721,Violet,1997,26557,false,v12,57,27536658,29/3/2025
Escort,Ford,JN8AZ2KR4CT171438,Pink,1991,73086,false,v8,418,12340862,22/12/2023
X5,BMW,1G6AG5RX8D0641029,Crimson,2007,11508,false,v4,219,29124942,25/9/2024
LeSabre,Buick,1D7RB1CT2AS286541,Pink,1986,33165,false,v6,319,23659980,14/10/2025
Express,Chevrolet,5TDDW5G1XFS229819,Khaki,2006,13615,true,v8,63,26972955,1/1/2024
MPV,Mazda,19UUA9F73EA605477,Fuscia,2005,38797,true,v8,423,28413226,20/4/2024
LTD Crown Victoria,Ford,KL4CJESB2EB797251,Red,1987,25451,true,v8,367,25796850,17/5/2025
QX,Infiniti,WAUDFAFC7EN916480,Purple,2007,78265,true,v4,296,21834255,22/3/2025
Ram Wagon B350,Dodge,SCFEBBDL0EG197073,Teal,1993,99087,true,v6,285,23310475,27/8/2025
Tercel,Toyota,3C3CFFFH3FT062049,Red,1993,61681,true,v12,59,25620997,5/1/2024
745,BMW,WAUVT58E22A974180,Khaki,2004,12470,false,v4,97,12365615,9/11/2024
Grand Marquis,Mercury,1GYS4JEF9BR274340,Blue,1999,79539,false,v4,480,18235198,4/6/2024
Camry,Toyota,1G6AG5RX3D0809806,Maroon,2002,40578,true,v6,445,12823535,14/7/2024
Durango,Dodge,JHMZE2H37BS034364,Violet,2011,20689,true,v4,270,28375844,27/12/2023
LeSabre,Buick,WAUWGAFB2AN834261,Khaki,1985,76193,true,v4,58,17449672,20/8/2024
Cabriolet,Volkswagen,1N6AA0CC4FN647498,Crimson,2001,62809,true,v6,222,19699494,9/8/2025
Express 2500,Chevrolet,1D7RB1GT0BS382423,Green,2010,45585,true,v6,376,11245557,18/10/2024
Mazda3,Mazda,3GYFNFEY3AS542890,Yellow,2009,32866,true,v8,134,17740226,28/2/2024
Coachbuilder,Buick,5LMJJ2JT8FE605555,Orange,1990,7235,false,v8,478,23664791,12/4/2024
A4,Audi,3N1AB6AP4AL571561,Puce,2000,6884,true,v6,126,11204996,3/9/2025
MX-5,Mazda,WBA3A5G5XEN168776,Teal,2002,87609,false,v8,345,12075507,10/3/2024
Civic,Honda,WAUWGAFB9BN812145,Aquamarine,2011,28528,true,v4,331,21430335,23/12/2023
Lumina,Chevrolet,JTDKN3DU1B0411192,Pink,1992,34332,false,v6,309,16526092,8/6/2025
MX-5,Mazda,WBAEV33424P954976,Puce,1991,19664,true,v8,266,13133849,24/6/2025
E150,Ford,WUATNAFG8EN493545,Purple,2011,61530,false,v6,430,23561142,25/4/2025
Esprit,Lotus,1G6DL5E35C0066494,Indigo,1988,5250,false,v8,167,21908044,31/8/2025
Sierra 2500,GMC,1FTSF3A53AE382741,Yellow,2005,11466,false,v8,178,17638608,13/3/2025
FF,Ferrari,3C6TD5PT9CG417929,Khaki,2012,89255,false,v6,351,14426358,30/4/2025
Grand Prix,Pontiac,1GYS3HKJXFR177240,Goldenrod,1982,54546,false,v6,447,11194564,2/10/2024
Mini Cooper,Austin,5UXWX9C59F0115947,Orange,1964,20080,false,v4,386,14862995,11/8/2024
Mariner,Mercury,1G6DJ577880771819,Aquamarine,2011,70834,false,v6,427,12028201,21/10/2025
Insight,Honda,WAUAH94F37N769277,Crimson,2002,9310,true,v4,456,25795473,10/3/2025
1500,GMC,WBA4A9C5XFG119200,Orange,1996,9253,false,v12,418,12417059,26/6/2025
CTS,Cadillac,WA19FAFL2DA852390,Fuscia,2003,66615,false,v4,94,21968780,20/7/2025
MX-5,Mazda,WAUWFAFH8CN257598,Fuscia,1999,18333,false,v12,476,27253383,27/7/2024
Ridgeline,Honda,WAUDFAFL3DA041680,Violet,2009,98608,false,v6,202,10621974,27/10/2024
Sunfire,Pontiac,WBAVL1C55EV114349,Indigo,1995,88171,false,v12,285,13561363,9/5/2025
C70,Volvo,1G4HR57Y66U381237,Indigo,2002,14911,false,v12,238,16048020,19/1/2025
Sedona,Kia,ZFBCFACH4FZ262811,Orange,2009,11861,true,v6,289,14708933,20/8/2025
Land Cruiser,Toyota,WDCGG0EB0FG219815,Aquamarine,1999,40676,false,v8,239,19342638,27/2/2024
XC90,Volvo,19UUA66296A017507,Orange,2008,64014,false,v8,389,19956964,23/2/2025
G,Infiniti,3C4PDCBB9CT460123,Indigo,2006,88620,true,v4,271,10298292,12/8/2025
Grand Am,Pontiac,WBA3B3C58EJ815285,Green,1985,84300,true,v6,375,24176985,3/10/2025
Mustang,Ford,WA1CYBFE2AD665720,Violet,1988,37103,false,v4,237,13214211,30/7/2024
Town Car,Lincoln,5UXWX5C55CL729669,Yellow,2008,62675,true,v6,429,13519137,19/8/2025
DTS,Cadillac,19UUA66275A608546,Maroon,2010,92103,false,v6,280,10328068,9/1/2025
E250,Ford,WDDGF5EB2BR009677,Indigo,2010,99703,false,v12,82,18523797,23/12/2023
CLK-Class,Mercedes-Benz,WAUHF78P18A835734,Mauv,2005,30531,true,v8,90,22162955,13/10/2024
Grand Cherokee,Jeep,1N4AB7AP0DN582974,Aquamarine,2008,17784,true,v6,315,27165601,24/6/2024
L-Series,Saturn,1G6DJ1ED7B0371355,Teal,2001,86151,false,v4,157,22257173,31/5/2025
Eclipse,Mitsubishi,3D73M4CL7AG005648,Crimson,2009,11079,true,v12,382,16297723,20/11/2024
600,BMW,WVGFF9BP5BD683876,Yellow,1957,89316,true,v4,422,17982988,14/9/2025
98,Oldsmobile,WBAYP9C58FD205896,Teal,1993,8564,false,v8,466,10067796,24/8/2025
626,Mazda,5N1AN0NU4DN764942,Puce,1992,77495,true,v6,253,13920348,1/10/2025
Land Cruiser,Toyota,1FTWX3A52AE604717,Pink,1997,27655,true,v12,348,16740987,8/3/2024
LS,Lincoln,JTDKDTB37D1643452,Fuscia,2000,34695,true,v12,82,26102046,28/4/2024
Civic,Honda,1G4HE57Y56U799770,Teal,1999,68177,true,v4,470,16884338,29/3/2024
V8,Audi,1N6AA0CCXEN679421,Goldenrod,1994,57088,true,v12,306,24206429,4/8/2025
Avalon,Toyota,WAUKF98EX6A311625,Fuscia,2007,19347,false,v4,190,11790945,21/5/2025
Cooper,MINI,JHMZF1C68CS634658,Maroon,2010,47173,true,v4,343,23966909,23/12/2023
9000,Saab,1G6AB5S33F0578009,Red,1996,18074,false,v6,434,24140836,4/9/2024
Escalade ESV,Cadillac,1G6DU57V990853047,Yellow,2008,71121,false,v6,308,24613104,29/7/2024
Achieva,Oldsmobile,1N6AA0EC7EN531420,Turquoise,1997,96468,true,v8,345,26080707,4/6/2024
M6,BMW,1GD020CG8CF905652,Aquamarine,2009,77439,true,v6,489,10567400,29/7/2024
Capri,Mercury,3C63D3ML0CG341851,Violet,1984,92973,true,v8,415,21118217,2/12/2023
X6,BMW,SCFFDABM4EG209746,Green,2013,92217,false,v12,265,21659762,16/7/2025
Lynx,Mercury,WBA3T3C52EP648142,Green,1984,61981,false,v6,174,16931533,1/11/2025
Passat,Volkswagen,3D73Y4CL1BG250001,Teal,2002,9586,false,v4,493,27069217,2/9/2025
riolet,Audi,YV4952BL7E1505723,Violet,1995,80318,false,v8,473,26228652,22/5/2024
Town Car,Lincoln,1FTEW1C85AK115773,Khaki,1987,97636,true,v12,231,13274160,29/8/2024
E-Class,Mercedes-Benz,WBAVB17566N056380,Pink,1991,76184,false,v12,300,17880480,24/11/2024
Cirrus,Chrysler,5NPEB4ACXCH073609,Aquamarine,1995,18611,false,v6,254,16863506,22/5/2024
Esprit Turbo,Lotus,1FMEU8FE9AU179427,Maroon,1984,31080,true,v4,417,16176769,19/1/2025
Achieva,Oldsmobile,WDDHF0EB8FB081649,Red,1992,12888,true,v6,222,13000503,15/7/2024
Outback,Subaru,SCBBR93W278926417,Purple,2003,76697,false,v6,229,13020186,19/3/2024
TundraMax,Toyota,3D7TT2CT7BG174013,Puce,2010,78587,true,v12,482,18413720,9/2/2024
Daytona,Dodge,WBANE53587C645349,Red,1993,9726,false,v12,263,14468625,17/9/2024
Escalade ESV,Cadillac,WP0CB2A80FK595968,Khaki,2011,98896,true,v4,253,14836876,1/12/2024
Fit,Honda,WBAYE4C59ED987245,Fuscia,2009,9624,false,v8,321,18081640,14/1/2024
Club Wagon,Ford,WDDEJ7GB3CA643613,Puce,1998,43553,false,v6,64,10850539,17/4/2025
Civic,Honda,SAJWA4EC2BM777388,Mauv,1997,54563,false,v6,339,13909188,31/8/2024
MKZ,Lincoln,1N6AA0CA1AN682104,Fuscia,2012,70911,false,v8,445,27763538,2/1/2024
Blazer,Chevrolet,5N1AN0NW7DN408891,Red,2000,46613,false,v6,400,20203567,27/12/2023
Fusion,Ford,3FA6P0PU9FR973004,Violet,2007,81600,false,v8,485,26942920,7/9/2025
H1,Hummer,WAUAFAFL3AN583269,Turquoise,1999,41748,true,v12,343,12146383,10/10/2025
Wrangler,Jeep,2G4WS52J621914828,Teal,2006,40184,false,v6,282,19237529,20/6/2025
Contour,Ford,1D7RB1CP8BS195455,Fuscia,1998,94005,true,v4,436,25163811,30/8/2024
LaCrosse,Buick,1G6KP5E9XAU309223,Violet,2012,98015,true,v4,179,14739613,14/8/2025
Equator,Suzuki,WVGFG9BP1CD485522,Orange,2010,68135,false,v4,308,19008596,25/7/2024
1500 Club Coupe,GMC,1N6AF0KY8FN980270,Blue,1997,52356,false,v6,235,10720525,27/9/2024
Windstar,Ford,WBA3B5C59DP205807,Turquoise,1997,71168,false,v4,52,23543067,26/10/2024
MKS,Lincoln,JN1AZ4EH9EM043142,Red,2010,39725,false,v4,213,28459187,29/9/2025
6 Series,BMW,JN8AZ2NC6D9097879,Yellow,2006,78956,false,v12,482,17594113,22/4/2025
Allroad,Audi,SAJWA0FS8FP571737,Mauv,2001,20631,true,v4,492,10803428,25/2/2024
Fit,Honda,JH4KB16597C277037,Maroon,2012,97646,true,v8,282,27136414,30/9/2025
Santa Fe,Hyundai,WAUKG98E36A833400,Violet,2003,28320,true,v12,276,11773570,13/12/2023
Lanos,Daewoo,1D7RE5GK7BS510114,Orange,2002,40470,false,v12,153,24591816,21/1/2024
Passat,Volkswagen,5UXZV4C55DL565127,Fuscia,1988,76088,true,v6,417,25719466,29/3/2024
Monte Carlo,Chevrolet,JTDJTUD38ED308265,Purple,2002,89026,true,v12,116,27837294,12/7/2024
xD,Scion,1GYEE637060222303,Red,2012,19433,false,v12,417,25178273,29/4/2024
Continental GT,Bentley,1G6KD57Y79U206396,Purple,2006,83981,true,v12,262,17168936,27/8/2025
2CV,CitroÃ«n,WAUKFBFLXDA114122,Turquoise,1948,9263,false,v6,383,19390590,6/6/2024
S-Class,Mercedes-Benz,JN1BJ0HPXFM125843,Pink,2008,44974,false,v12,485,27617418,24/7/2024
Venture,Chevrolet,19VDE1F59FE013298,Yellow,2005,48511,true,v8,430,28014590,30/9/2024
Mini Cooper,Austin,2C4RDGDG8CR641144,Khaki,1964,14908,true,v8,161,23010932,29/6/2024
Fiesta,Ford,2C3CDXGJ3FH253542,Purple,2001,62371,false,v4,162,23354399,13/5/2025
Firefly,Pontiac,ZHWGU6BZ8CL179500,Purple,1984,36907,true,v4,112,15579882,19/7/2024
Grand Marquis,Mercury,WBADN63483G428783,Turquoise,2009,9713,false,v6,409,16563078,22/1/2025
FX,Infiniti,3C6JD7DP6CG901793,Red,2003,54615,false,v12,294,10187014,1/3/2024
Magnum,Dodge,5UXWX7C51F0489926,Indigo,2005,65182,false,v4,100,26147371,20/8/2025
GX,Lexus,KNAFT4A26D5448791,Teal,2012,63162,false,v8,306,28946317,19/7/2024
1500,Ram,1C6RD7JT7CS015415,Yellow,2012,58781,true,v12,492,25263292,23/12/2023
Envoy,GMC,1N6BF0KL7FN801239,Puce,2002,7860,true,v12,421,21045909,19/12/2023
Passat,Volkswagen,1FMJK1F5XAE331446,Violet,2007,12424,false,v6,496,25189256,2/2/2024
Insight,Honda,JH4CU2F69DC444103,Puce,2006,98782,true,v12,316,25946694,22/7/2025
Econoline E150,Ford,3VWJP7AT1CM886622,Pink,1999,57344,false,v4,162,27600531,11/3/2024
Monte Carlo,Chevrolet,3GYFNGE38ES161469,Purple,1999,58820,false,v6,452,16371591,8/10/2025
626,Mazda,WAUBF98EX7A001203,Red,1990,69537,false,v6,429,13498242,17/11/2024
GS,Lexus,WBA3C1C52DF585262,Teal,1998,20059,true,v12,88,12564778,26/2/2025
Suburban,Chevrolet,KMHHT6KD5BU835144,Purple,2008,21253,true,v6,131,21856536,27/3/2024
Vanquish S,Aston Martin,WDDHF7GB2EA176265,Indigo,2005,48025,true,v8,215,17748545,10/1/2025
Sportvan G20,Chevrolet,WBA3N5C56EF777481,Mauv,1992,19224,false,v4,367,18567122,12/4/2025
Mirage,Mitsubishi,WAUKH74F17N195500,Crimson,1984,43890,false,v6,142,26107950,5/4/2024
Baja,Subaru,5N1AN0NU8DN560922,Yellow,2003,67994,false,v6,301,25131685,26/5/2024
Explorer Sport Trac,Ford,2C3CA6CTXBH646832,Teal,2002,63494,true,v8,130,24172380,21/5/2025
X-Type,Jaguar,WBAXH5C57DD189284,Orange,2003,93024,false,v6,58,24060025,2/1/2024
Sierra 3500,GMC,WAUKG58E55A075020,Goldenrod,2008,19469,true,v6,480,11199382,16/9/2025
Capri,Mercury,WAUFFAFLXCN861416,Khaki,1986,76549,false,v6,471,13720100,24/9/2025
Phantom,Rolls-Royce,WVGAV7AX2BW183682,Puce,2011,12988,true,v4,240,17916468,16/4/2025
Legacy,Subaru,WBA3K5C54EK846118,Blue,1992,98420,true,v6,50,17181551,29/5/2024
Santa Fe,Hyundai,5J8TB2H52CA312288,Pink,2012,55720,false,v6,142,14828172,28/3/2025
S6,Audi,1FTSW3B58AE950500,Orange,1995,84155,false,v8,98,25840833,17/7/2025
911,Porsche,WAUEFBFL1DN272760,Aquamarine,2011,67634,false,v12,103,20675726,10/3/2025
Truck,Mitsubishi,5UXFG83519L731994,Puce,1994,90488,true,v12,265,18614624,12/7/2025
Continental Mark VII,Lincoln,5UXFB53555L880500,Puce,1988,41426,true,v12,66,15009210,22/11/2023
RX-8,Mazda,KMHGC4DD3EU256137,Puce,2007,86688,false,v4,139,12858457,19/5/2024
W201,Mercedes-Benz,WAUKF98E48A728936,Violet,1987,18665,true,v8,382,16433175,27/8/2024
Mustang,Ford,1FTEX1C88AK606206,Khaki,1979,57769,true,v4,266,25394879,30/7/2024
300TE,Mercedes-Benz,WA1EV94L77D503313,Orange,1992,22086,true,v8,325,25053778,10/8/2025
Traverse,Chevrolet,3N1AB6AP4AL365334,Green,2010,74790,true,v12,333,16291478,25/2/2024
Navigator L,Lincoln,WP0AA2A93ES937981,Puce,2008,58772,true,v4,176,26264533,2/1/2024
Continental,Lincoln,2C3CCAAG8CH001830,Fuscia,1999,76195,false,v12,166,16279896,29/7/2024
S6,Audi,WA1MKAFP6AA608245,Purple,2011,34159,true,v8,261,16033795,10/7/2024
Concorde,Chrysler,5XYKT3A19BG939802,Purple,1998,73644,true,v8,123,14113298,17/7/2024
MX-6,Mazda,WVGEF9BP4ED842418,Red,1990,79782,false,v4,356,18612086,9/11/2024
Continental Mark VII,Lincoln,WAUKH74F27N122555,Yellow,1989,57019,false,v8,375,12200664,25/12/2024
Sprinter 2500,Mercedes-Benz,WBAEP33455P415649,Puce,2011,10886,false,v4,328,21670971,17/9/2025
Corvair,Chevrolet,5N1AN0NU8FN824868,Pink,1960,40768,true,v4,373,10737953,29/1/2024
Golf,Volkswagen,WA1CGBFE4BD878463,Khaki,1991,41342,true,v6,405,17783825,17/1/2024
Exige,Lotus,1G6YV34A645052897,Orange,2008,14274,false,v12,54,14273492,11/3/2025
rio,Volkswagen,JTHBL5EF0B5687575,Goldenrod,2002,46448,false,v12,435,27734492,22/12/2023
Mustang,Ford,JTHBL5EF3C5243155,Purple,2004,50766,true,v4,462,19581394,5/2/2025
Tracker,Chevrolet,3D7TT2CT7AG771984,Red,2004,98385,true,v4,394,14161122,15/11/2024
Electra,Buick,WAUDG74F86N533646,Aquamarine,1984,93449,false,v4,437,26644938,2/7/2024
X5 M,BMW,2C3CDXCT5FH436335,Orange,2012,47770,false,v6,425,11865937,24/10/2024
Maxima,Nissan,3VW517AT5FM396952,Indigo,1999,46587,true,v8,367,27475923,10/12/2023
Grand Caravan,Dodge,WAUVFAFH1AN458090,Yellow,1996,25953,false,v6,140,24300481,31/7/2024
Mustang,Ford,WAUKF98E06A196128,Green,1990,44797,false,v12,276,27128757,14/10/2025
4Runner,Toyota,JA32U2FU7FU417442,Khaki,1997,18775,false,v6,402,26639195,30/6/2025
Flex,Ford,2LMDJ8JK4FB724889,Goldenrod,2012,85016,true,v8,172,20334150,16/12/2024
Avenger,Dodge,4T1BK3DB7CU706701,Indigo,1999,49706,false,v8,302,22656511,1/5/2024
F150,Ford,3C6TD5NT2CG557226,Khaki,2002,57995,true,v12,325,26281818,29/7/2025
New Beetle,Volkswagen,JM1DE1HY8B0404072,Turquoise,2007,75871,true,v8,228,11554757,7/5/2024
Pathfinder,Nissan,WBAUC73569V636900,Yellow,1994,62696,false,v6,354,27849439,15/7/2024
Town Car,Lincoln,5FPYK1F47CB091374,Khaki,1991,17701,true,v6,92,20028139,18/5/2025
E-Class,Mercedes-Benz,WBAKE3C53DE921296,Teal,2007,60277,false,v4,96,12949746,14/3/2024
Cube,Nissan,1C4RDHEG4EC408622,Yellow,2012,45835,false,v6,409,23615524,4/6/2025
Monte Carlo,Chevrolet,1GYS3KEF9DR111103,Fuscia,1996,32275,false,v6,294,19191358,22/4/2025
Jetta III,Volkswagen,WA1DGAFE0CD597082,Teal,1994,63279,false,v4,123,16049484,20/7/2024
Mustang,Ford,4T1BD1EB9FU156371,Aquamarine,2004,37011,false,v4,416,12102271,5/11/2025
Soul,Kia,2LMDJ6JK0BB732955,Maroon,2011,59029,true,v6,410,24888363,24/5/2024
Clubman,MINI,JTDKN3DU0B0171388,Red,2010,74011,true,v4,310,21703442,23/5/2025
929,Mazda,1G4HR57Y47U328215,Mauv,1994,43117,false,v6,309,13273218,17/8/2024
Avalanche 1500,Chevrolet,WBAKX6C58BC963726,Indigo,2005,48407,false,v8,213,24187742,24/8/2024
Ram 1500,Dodge,1D4PU7GX0AW981074,Indigo,2002,79470,true,v12,81,11378693,19/2/2024
S-Class,Mercedes-Benz,WBAUN7C54DV771540,Fuscia,2010,93022,false,v12,485,12856917,26/8/2025
CL,Acura,4JGCB2FE5BA112193,Yellow,1998,24412,false,v6,490,14202395,18/4/2024
Sephia,Kia,JTDKDTB32F1320266,Yellow,1998,89051,true,v8,429,27428141,8/12/2023
Fiesta,Ford,WBAGN83414D916470,Khaki,2013,23594,false,v4,456,18266182,30/10/2024
Yukon,GMC,2HNYD18835H449063,Mauv,2005,57250,true,v6,134,23880712,1/2/2024
900,Saab,1D7RE3GK2AS235058,Red,1988,30131,false,v4,168,26754655,9/3/2024
S10,Chevrolet,W04G15GV8B1792688,Purple,1997,74962,false,v6,208,29529088,29/5/2025
M-Class,Mercedes-Benz,1N6AD0CUXBC962196,Orange,2001,25281,true,v12,407,16318325,24/4/2025
Tercel,Toyota,1C3CDZBG4CN505664,Violet,1995,70703,false,v4,478,17649768,9/4/2024
Jetta,Volkswagen,WBAEV534X5K191308,Khaki,1988,9862,true,v4,113,17199839,11/8/2024
Catera,Cadillac,4T1BD1FK0DU329772,Crimson,1998,37543,false,v6,135,10556094,8/1/2024
Celica,Toyota,1FTSW2B51AE882986,Orange,2001,91614,false,v12,468,17374157,11/3/2025
9-3,Saab,5YMGZ0C56D0942613,Yellow,2011,92486,true,v12,447,29471100,1/4/2025
Regal,Buick,1G6KD57Y15U877864,Orange,1986,17715,true,v12,456,14376816,4/10/2025
Celica,Toyota,SCBZU25E51C854562,Aquamarine,1982,60046,true,v6,184,26743986,30/1/2025
Ram Van 2500,Dodge,JN1CV6FE3EM658340,Red,1995,51142,true,v6,370,13458598,11/2/2025
Excursion,Ford,JN1CV6EKXEM813358,Khaki,2000,31370,true,v6,217,19812427,22/3/2024
X6,BMW,1N4AB7AP7DN949238,Puce,2010,91447,true,v8,166,17729856,15/8/2024
F450,Ford,WAUKD78P47A981605,Puce,2009,69690,false,v12,105,11684239,3/9/2024
Mustang,Ford,3GYFK66N75G727658,Turquoise,1971,80806,false,v12,91,18604806,23/2/2024
Lancer Evolution,Mitsubishi,WBAVM1C56DV656247,Teal,2006,96921,true,v12,402,11611608,26/1/2024
Eos,Volkswagen,WAUWFAFLXBA661612,Aquamarine,2007,63204,true,v12,454,27619528,10/10/2024
Torino,Ford,5LMJJ2H51CE773184,Pink,1970,10054,false,v12,119,29600957,8/2/2024
Accord,Honda,3GYFNGE31FS447553,Khaki,1988,47153,true,v12,258,24721414,25/12/2023
Bonneville,Pontiac,1G4GJ5E3XCF654898,Blue,2002,93728,true,v8,187,11056675,26/12/2024
Cougar,Mercury,WBAUP9C50AV287026,Violet,2002,40963,true,v4,452,26599920,1/10/2025
MX-5,Mazda,WAUNF78P18A036216,Maroon,1990,94288,false,v4,239,12912888,21/6/2025
Ram,Dodge,WBAYA8C56ED334309,Pink,2008,64340,true,v12,271,13149966,23/5/2024
Safari,GMC,3C3CFFER4CT219626,Turquoise,2004,17193,true,v4,379,13793866,18/4/2024
K5 Blazer,Chevrolet,19UUA66254A202182,Crimson,1995,46150,false,v6,491,19843618,28/4/2025
240SX,Nissan,WBA3C3G51EN136622,Blue,1995,87062,true,v6,68,25482913,13/2/2024
1500,GMC,1C3BCBGG8DN447509,Green,1995,46461,true,v4,348,20114303,15/8/2025
Sephia,Kia,JTDKTUD30ED203997,Teal,1994,99907,true,v8,494,13721292,3/9/2025
Cavalier,Chevrolet,5UXWX9C53DL609930,Blue,2000,97695,true,v8,421,28086168,6/5/2025
Colorado,Chevrolet,WAU2GBFC0CN481597,Mauv,2009,77073,false,v6,154,20023838,9/7/2024
Stratus,Dodge,5UXZV4C54D0189554,Violet,2000,72528,false,v12,334,28356340,2/10/2024
G,Infiniti,1G6DM57N840135630,Violet,2002,58587,true,v12,239,20092138,6/8/2025
Freelander,Land Rover,1N6AA0EC7DN472304,Purple,2010,85565,true,v12,288,28484336,31/12/2023
Lancer,Mitsubishi,3D73M4CL6BG788706,Violet,2008,85524,true,v6,446,10640235,10/5/2025
3500,GMC,WAULT68E05A496729,Crimson,1997,63031,false,v12,93,18091191,8/11/2025
Explorer Sport Trac,Ford,WBAEA5C50AC765343,Fuscia,2002,68369,true,v4,255,26139673,19/9/2024
Brougham,Cadillac,4T1BF1FK9EU630682,Pink,1992,32527,false,v8,127,24790802,22/6/2025
Silhouette,Oldsmobile,WBA3B1C59DK442805,Teal,2000,49048,false,v6,159,15560135,28/7/2025
Club Wagon,Ford,1G6DD1E34E0298416,Orange,1996,43677,false,v4,108,17498545,10/5/2024
Millenia,Mazda,JA4AD2A31EZ159913,Indigo,2002,74697,true,v8,355,14608596,5/7/2025
4000,Audi,JH4DC53812C280342,Indigo,1987,54774,false,v4,331,27749961,11/5/2025
Tribute,Mazda,1GYEC63838R628895,Puce,2009,92556,false,v12,343,17780531,21/10/2024
V8,Audi,WDDDJ7CB5AA424974,Goldenrod,1994,39298,true,v4,342,19767405,1/11/2025
RX-7,Mazda,WBANV1C59AB418239,Green,1995,92186,false,v6,96,16887533,7/2/2025
Impala SS,Chevrolet,WDDGF5EB8AA872562,Indigo,1995,29214,false,v12,340,27266007,31/8/2024
Cabriolet,Volkswagen,1VWAH7A30DC740177,Aquamarine,1988,87374,true,v8,241,11759352,20/1/2025
Sidekick,Suzuki,YV1902FHXD1741735,Goldenrod,1995,62365,false,v6,144,20909164,26/3/2024
Protege,Mazda,SCFFDAAE1CG688392,Crimson,2003,86255,false,v8,416,24128853,13/2/2024
Accent,Hyundai,5TDDK3DC4FS215713,Red,2007,95082,false,v12,450,15202648,13/9/2024
CR-V,Honda,WAUKFAFL0DN153255,Teal,2010,29180,false,v12,241,19427071,19/3/2025
S40,Volvo,WDBWK5EA8BF227471,Crimson,2006,31384,true,v4,423,19556557,8/4/2025
Passport,Honda,JN8AZ1MU7AW964398,Yellow,1999,51484,false,v4,226,11767858,1/11/2024
A8,Audi,WAUAVAFD8BN668105,Fuscia,2011,79279,false,v6,399,18227347,28/4/2024
A7,Audi,3D73Y3CL1BG901931,Purple,2012,20952,true,v4,447,12089533,30/7/2025
Protege,Mazda,WA1MMAFE5AD775557,Yellow,1993,44900,true,v12,437,17121341,31/12/2024
Cabriolet,Volkswagen,5UXFG43589L837027,Maroon,1996,36783,false,v8,206,17125602,20/1/2025
Aerio,Suzuki,1G6AH5S35D0460362,Blue,2007,52100,true,v12,157,24366935,2/6/2024
Yukon XL 2500,GMC,KNADH5A32A6752603,Maroon,2012,11101,false,v8,189,20922377,20/10/2024
Cougar,Mercury,3GYFNCEY8AS414031,Red,1999,53714,true,v6,431,11843591,18/5/2024
Optima,Kia,3D7LT2ET9AG156706,Indigo,2001,45541,false,v4,290,12501227,19/3/2024
Amigo,Isuzu,SALAF2D46AA487026,Khaki,1994,27788,true,v6,352,21677943,16/3/2024
Accent,Hyundai,SCBZB25E31C499249,Mauv,2009,17382,true,v6,479,13074549,15/12/2023
Lancer,Mitsubishi,JTHBK1GG4F2798378,Green,2006,64989,true,v12,284,14470196,28/5/2024
Legend,Acura,1G4HR54K834047934,Turquoise,1987,68377,false,v4,398,28658042,5/6/2024
CL-Class,Mercedes-Benz,JTDKN3DP1C3976388,Pink,2008,21347,true,v12,292,21976947,29/1/2024
Escalade,Cadillac,1C4SDHCT1FC072642,Purple,2000,94471,true,v12,466,10785062,14/1/2024
Aerio,Suzuki,1G6AB5RX3F0163538,Goldenrod,2007,58733,false,v4,68,27058546,5/6/2024
RAV4,Toyota,1N6AA0CA2FN021608,Maroon,2012,62682,true,v4,177,22022302,23/6/2025
R-Class,Mercedes-Benz,WAUVC58E44A537493,Mauv,2008,19028,true,v8,408,16563303,24/1/2024
Continental GTC,Bentley,SCBZB25E52C024199,Teal,2011,78943,true,v4,108,20976427,26/3/2024
4Runner,Toyota,5FRYD4H21FB771726,Mauv,2011,17388,false,v12,52,16538231,20/4/2024
Colt,Dodge,WAUDV94F58N853947,Purple,1993,29429,false,v6,331,26816103,20/1/2024
Ram 2500,Dodge,5UXFG43548L340958,Puce,2007,89968,false,v12,300,25726189,5/4/2025
Ram 2500,Dodge,1HGCR2E54EA896373,Purple,1995,64244,false,v4,143,17085512,9/10/2025
GranTurismo,Maserati,WAUHMBFC6EN915351,Teal,2010,49462,true,v8,238,12042877,26/9/2025
Express 3500,Chevrolet,JM3TB2BV4E0155872,Khaki,2005,92651,false,v8,105,21187369,15/7/2025
Grand Marquis,Mercury,WA1VMAFPXEA603540,Aquamarine,2003,46768,true,v12,217,23818330,3/7/2024
Boxster,Porsche,2C4RDGBG3FR600833,Violet,1999,31948,false,v4,323,15381093,8/7/2024
Prelude,Honda,1G6DL67A190637568,Orange,1999,82004,true,v8,280,29377429,24/11/2023
Daewoo Magnus,Suzuki,JN8AZ1MU3CW292309,Aquamarine,2004,42489,false,v6,51,29537117,24/2/2025
Taurus,Ford,3C63DRJL5CG786965,Fuscia,1999,83377,true,v8,166,15909290,14/4/2024
Beretta,Chevrolet,KMHTC6AD3FU464633,Turquoise,1993,59107,true,v4,464,21216266,24/12/2023
7 Series,BMW,JH4KB16517C810515,Maroon,1999,17099,true,v8,455,26208179,7/6/2025
GS,Lexus,JHMGE8G30CC826234,Purple,1996,67484,false,v4,438,15261879,28/1/2024
SC,Lexus,WAUFGBFB7AN035243,Puce,2002,74583,true,v8,296,11763476,2/10/2024
R8,Audi,YV1672MW3B2467740,Fuscia,2009,25128,true,v4,330,23411042,24/11/2024
Pacifica,Chrysler,JM1NC2EF4A0745129,Khaki,2006,42439,false,v8,110,25070768,7/8/2024
Armada,Nissan,1G6DH8E36E0702927,Teal,2012,7889,false,v4,447,11748493,20/4/2025
Wrangler,Jeep,1D4PU4GK8AW485541,Pink,2001,84067,false,v12,417,23932283,7/6/2025
Navigator,Lincoln,4T1BK3DB7CU293825,Purple,1999,54091,true,v12,474,17551511,17/5/2025
F-Series Super Duty,Ford,1GTN1UEH9EZ312393,Purple,2011,57094,true,v4,357,18794238,26/7/2024
3500,GMC,1G4HC5EM6AU459008,Orange,1994,48752,true,v6,138,13575558,25/6/2024
E250,Ford,SCBBP9ZA4AC692013,Blue,2008,70137,false,v4,144,29650761,29/12/2024
Ram 3500,Dodge,WUARL48HX4K195327,Puce,2002,11737,false,v12,431,16374740,29/6/2025
G35,Infiniti,1N6AA0CCXBN184289,Blue,2007,11358,true,v8,188,10658577,5/12/2024
Expedition,Ford,WBAVC53577A013802,Pink,2002,6379,true,v4,249,15949611,17/10/2024
Z8,BMW,JN1AZ4EH6FM038112,Goldenrod,2002,88554,false,v6,185,20273767,14/2/2025
Supra,Toyota,W04GZ5GV7B1048864,Teal,1992,97652,false,v12,193,23683857,21/10/2025
Justy,Subaru,3C3CFFHH8DT188580,Turquoise,1994,84390,true,v8,419,26322518,23/6/2024
XJ Series,Jaguar,3VWKX7AJ0CM980798,Orange,2005,68124,false,v6,238,23506646,11/11/2025
Grand Cherokee,Jeep,WAUBH54B51N762767,Mauv,2011,74500,true,v12,265,10316196,21/6/2024
V8 Vantage S,Aston Martin,JM3KE2BE4F0349533,Puce,2012,24088,false,v12,223,12077712,13/6/2024
Sierra 3500,GMC,W04GW5EV2B1163173,Puce,2001,77240,true,v8,394,17814459,29/8/2025
Blazer,Chevrolet,WA1CGCFEXBD763677,Violet,1997,66484,false,v6,60,27112507,25/2/2025
New Beetle,Volkswagen,KMHHU6KJ9FU383868,Aquamarine,1999,9906,true,v8,67,23390918,14/3/2025
Esteem,Suzuki,2C4RDGDGXDR950647,Fuscia,1997,95064,true,v4,77,25575916,7/7/2024
Escort,Ford,1C6RD6LP8CS503217,Puce,1997,57036,true,v12,121,24254236,8/4/2024
ES,Lexus,SAJWA0F73F8694478,Orange,2009,85346,false,v4,86,14800783,3/6/2025
Grand Cherokee,Jeep,WAUJC58E35A652747,Green,2003,90694,false,v4,252,15168954,25/3/2024
Mazda6,Mazda,WBA6B4C5XDD499422,Red,2007,10074,false,v6,105,16628963,3/10/2025
Monterey,Mercury,KMHGC4DD2CU128887,Puce,2006,47115,false,v12,409,15059768,10/4/2025
300TE,Mercedes-Benz,1C3ADEAZ5DV699397,Turquoise,1992,84023,true,v8,63,17970937,18/9/2025
Crown Victoria,Ford,WDDNG7DB3CA275663,Blue,2008,87587,true,v4,349,14165937,11/3/2025
A4,Audi,WBADS33422G606225,Purple,2003,86522,true,v12,121,22087431,10/1/2024
X3,BMW,WAURV78T28A774186,Orange,2012,90347,true,v12,71,25328479,13/3/2025
Vandura 1500,GMC,1G4HA5EM5AU094732,Blue,1994,80978,true,v8,474,17159252,14/6/2024
3000GT,Mitsubishi,WUARL48H76K499766,Yellow,1992,82439,false,v4,125,10520080,5/8/2025
Gallardo,Lamborghini,JH4CU2F60BC229769,Fuscia,2003,12923,true,v12,234,10400575,28/9/2024
Spectra,Kia,WBA3C1C53DF447391,Puce,2004,72973,true,v8,420,18837690,15/10/2025
DTS,Cadillac,5FRYD4H87FB559935,Orange,2006,36520,true,v8,296,29328394,9/12/2024
G6,Pontiac,JN1AZ4EH8CM968606,Fuscia,2006,37746,false,v4,463,12149218,5/8/2024
Silverado 1500,Chevrolet,1ZVBP8AMXE5678931,Orange,2009,86755,true,v12,93,26579543,2/1/2025
Legacy,Subaru,WBAEN33444E314411,Blue,2012,17276,true,v8,115,11505529,3/1/2024
Mountaineer,Mercury,1G6DK8E30C0824178,Red,2007,13649,false,v12,53,11113469,23/2/2025
Intrepid,Dodge,WAUGL78E68A469692,Blue,1993,53270,true,v12,154,23016587,23/12/2024
Grand Am,Pontiac,WBAKF9C5XBE595235,Khaki,2001,72263,false,v4,356,23622049,30/7/2025
Boxster,Porsche,KMHGH4JH3DU921657,Violet,2002,51873,false,v6,360,21838608,13/10/2025
Savana 2500,GMC,WAUJT54B54N594482,Red,2009,13953,true,v12,266,11245038,18/9/2025
300ZX,Nissan,WAUAH74F96N853588,Fuscia,1995,42498,true,v6,468,27591918,13/1/2024
XJ,Jaguar,WAUXL58E85A123059,Blue,2008,39545,true,v12,287,29592608,13/6/2025
Firefly,Pontiac,1G4GE5ED1BF460997,Violet,1985,56909,false,v8,389,17850399,8/3/2025
Ranger,Ford,YV4612HM5F1870594,Crimson,1990,98102,true,v6,220,18288618,23/6/2024
1500,Chevrolet,JN1AZ4EH4AM319575,Purple,1995,55457,false,v4,194,28844127,28/10/2025
PT Cruiser,Chrysler,WBS3U9C52FJ167758,Indigo,2005,32494,false,v8,242,17051675,13/7/2025
Festiva,Ford,WAUBF78E38A536055,Red,1990,22187,false,v12,59,25001214,30/8/2024
968,Porsche,1FTKR1AD8BP563603,Aquamarine,1992,12667,true,v12,61,24265561,29/8/2025
Camry,Toyota,3C6JD7AP5CG352723,Orange,1994,22593,true,v8,200,28321500,10/12/2024
Accent,Hyundai,3C4PDDGG1ET877233,Khaki,1998,45360,false,v4,103,13727741,12/1/2024
Silverado 2500,Chevrolet,1G6KD57996U793379,Maroon,2006,51333,true,v12,73,28171084,31/1/2025
Elantra,Hyundai,3C63DRLL3CG199452,Khaki,2007,22395,true,v4,103,28520276,12/12/2024
J,Infiniti,1GYS4GEF5CR928402,Pink,1994,82372,false,v6,456,26315202,25/5/2025
Nubira,Daewoo,WAUBF78EX8A336161,Turquoise,2001,24401,false,v8,407,19131401,25/7/2025
Navigator,Lincoln,2C3CK3CV7AH963429,Violet,2008,57918,true,v6,255,25986128,8/8/2024
X5 M,BMW,1FTWX3A52AE536547,Purple,2011,28879,true,v6,264,23735849,3/12/2023
MX-5,Mazda,3C6TD5HT7CG219347,Crimson,2008,77782,true,v6,479,26770011,18/10/2025
6000,Pontiac,1GD322CG4EF309188,Fuscia,1990,97666,false,v12,436,27251477,9/3/2024
Park Avenue,Buick,WBAWC7C54AP648786,Yellow,2005,89520,true,v4,248,21149647,17/3/2024
C-Class,Mercedes-Benz,KMHHU6KJ2FU352705,Turquoise,1996,23146,false,v12,246,27379609,11/10/2025
MX-5,Mazda,WBAYB6C56FG038515,Yellow,1993,91336,false,v6,197,28162511,14/7/2024
Sienna,Toyota,ZHWGU5BR1EL883406,Puce,1998,64983,true,v4,111,20359671,26/9/2025
Z4 M Roadster,BMW,1G4GB5ER4CF134374,Blue,2009,83469,true,v6,305,13957209,7/12/2024
Seville,Cadillac,19UUA8F74CA488161,Turquoise,1997,10290,false,v6,218,10957152,19/4/2025
Mazda6 5-Door,Mazda,WBA6B8C58FD516518,Pink,2006,54027,true,v8,321,13201330,5/12/2023
Monterey,Pontiac,WA1VFAFL6DA826390,Blue,2005,48408,false,v8,110,19352747,23/4/2025
LeBaron,Chrysler,1G6AE5SX4F0936583,Blue,1994,24472,true,v4,274,13969449,19/8/2024
Thunderbird,Ford,WBASN4C54CC186683,Red,1958,78066,false,v8,359,26061770,11/7/2025
Capri,Mercury,1G4PR5SK0E4188496,Fuscia,1992,20952,true,v8,357,18693840,25/7/2024
MDX,Acura,WVWAN7AN0EE447267,Indigo,2005,88120,false,v12,342,28058477,25/7/2025
Outlander,Mitsubishi,1FTEX1E87AF481317,Goldenrod,2007,80281,false,v4,140,17846511,15/8/2025
Tacoma Xtra,Toyota,2HNYD285X7H986754,Teal,1996,72012,true,v8,269,28734878,28/11/2024
Yukon,GMC,WVWAA7AH5AV688564,Pink,2002,55154,true,v4,110,16733015,16/1/2025
Dakota,Dodge,WAUCFAFR7BA282221,Turquoise,2005,84850,true,v12,77,20995626,29/9/2025
Accord,Honda,WBA3F9C51EK079338,Indigo,2005,94918,false,v8,342,12982242,6/6/2024
LTD Crown Victoria,Ford,5NPDH4AE7CH570550,Purple,1987,72576,false,v12,182,12572810,29/7/2025
Skylark,Buick,ZFF75VFA8F0420757,Indigo,1993,37261,false,v8,86,16528630,8/12/2023
Century,Buick,WAUBF78E58A743627,Khaki,1992,38106,true,v6,106,26258013,11/1/2025
Econoline E150,Ford,1G6AS5SX9E0760685,Mauv,2001,81376,true,v8,77,27650717,3/6/2024
A6,Audi,JTHDU1EF0C5501095,Blue,2010,83027,true,v12,94,14056487,24/6/2025
Yukon XL 2500,GMC,WBAFR1C59BC644432,Violet,2013,24002,true,v8,124,28694422,11/5/2024
S10,Chevrolet,SAJWA4HA2EM874685,Orange,2002,59738,true,v8,230,29137141,20/1/2024
XLR,Cadillac,2LMDJ8JK5FB625904,Teal,2009,22797,false,v6,57,26826204,2/4/2025
300SL,Mercedes-Benz,WAUEL74F56N701064,Mauv,1992,6925,true,v6,368,29195442,4/4/2024
Defender,Land Rover,1G6KD57Y57U356424,Goldenrod,1992,94823,false,v4,239,12437616,15/11/2024
Acadia,GMC,1G6DP8E35D0808982,Green,2012,36225,true,v4,195,11432909,4/12/2024
G,Infiniti,1G6DJ8E34C0642342,Pink,2003,87796,true,v4,72,14840087,7/1/2024
Sequoia,Toyota,1G6AJ5SX0D0418222,Fuscia,2011,90095,false,v6,184,11456360,19/5/2024
M3,BMW,WVWED7AJ0BW071483,Orange,2006,86723,false,v12,133,26829287,8/6/2025
xD,Scion,1GTN1TEH5EZ660704,Maroon,2010,12266,true,v4,157,25633197,23/2/2024
E-Class,Mercedes-Benz,WAUSH74F98N371436,Puce,2005,88983,false,v8,361,29335719,6/11/2025
Focus,Ford,WBAEN33472P784532,Crimson,2001,57810,true,v8,412,17741678,18/8/2024
Coachbuilder,Buick,19XFB2E57DE936280,Teal,1995,79760,false,v4,307,14656805,24/4/2025
5 Series,BMW,1N6AA0CJ0FN237506,Aquamarine,2001,45674,false,v12,266,10065124,13/1/2024
Odyssey,Honda,JTDKDTB30E1860472,Pink,2003,8598,true,v12,452,20584587,29/12/2023
Expedition,Ford,5N1AN0NU7CN555306,Yellow,2003,23348,true,v4,223,22272289,31/5/2025
V70,Volvo,NM0AS8F71E1769378,Red,2003,72035,true,v8,97,22425814,16/4/2025
DTS,Cadillac,SAJWA1CB8CL594285,Teal,2009,63628,true,v6,63,14897669,12/10/2025
F250,Ford,2HNYD2H35CH750134,Teal,1995,62560,true,v12,211,12525037,23/12/2024
Escort,Ford,WBSKG9C59DJ116967,Pink,1985,39196,true,v6,217,29841992,9/10/2025
Z3,BMW,1GTN1TEX9BZ634125,Crimson,1999,77200,true,v12,219,22481340,7/1/2025
9-3,Saab,WUADNAFG2BN521873,Purple,2005,17972,false,v6,222,29527502,26/11/2023
Previa,Toyota,WAUDV74F89N366652,Fuscia,1995,47066,false,v6,390,26562775,1/3/2024
3 Series,BMW,SCFEBBAK9DG134046,Purple,2009,39494,false,v12,114,24917457,31/12/2023
545,BMW,ZFBCFADH8EZ315703,Maroon,2005,67973,true,v12,260,29497340,22/4/2024
Tracker,Geo,4T1BF3EK7AU821931,Mauv,1993,36036,false,v6,281,20409865,25/7/2024
CTS-V,Cadillac,WAUJC58E24A226580,Crimson,2010,24023,true,v6,191,23746369,26/12/2024
GTI,Volkswagen,JH4CU2E65AC185848,Mauv,1988,55687,false,v6,371,18896324,26/11/2024
Allroad,Audi,1C3CDZCBXCN891784,Green,2001,49885,false,v4,258,24259344,9/8/2024
Rockette,Fairthorpe,WAUWFAFH1CN823696,Yellow,1960,80585,true,v6,191,29167655,29/12/2023
Range Rover,Land Rover,JN1CV6FE6EM874411,Red,1998,26559,false,v12,443,21658565,20/5/2025
6 Series,BMW,1FMJK1JT0FE697882,Yellow,2005,62613,false,v12,240,20948503,3/3/2024
M3,BMW,1D4PU7GX4AW914073,Turquoise,2002,60135,false,v6,134,29796431,2/10/2024
E-Class,Mercedes-Benz,WAUKG68E05A413574,Violet,1990,24908,false,v12,100,26695414,11/4/2025
Bravada,Oldsmobile,WA1VMAFE6FD243438,Maroon,2001,51467,false,v4,83,20614920,21/5/2024
Suburban 1500,GMC,5N1AR1NB5AC525125,Goldenrod,1998,18712,true,v4,219,19736045,6/5/2025
Sonoma Club Coupe,GMC,WAUDH78EX6A353686,Khaki,1995,45313,false,v8,359,13544198,21/12/2023
9-3,Saab,WBADT63493C104366,Red,2002,44669,true,v6,199,28466684,4/2/2025
S-Class,Mercedes-Benz,3C6LD5AT8CG598904,Mauv,1989,61180,false,v6,222,16278989,24/5/2025
Stratus,Dodge,JN1CV6AP8CM084114,Goldenrod,1995,15077,true,v4,354,10363306,22/4/2024
Sierra 1500,GMC,3LN6L2G93DR217772,Teal,2013,52495,true,v6,50,22915822,20/3/2024
Tiguan,Volkswagen,WAUDH74F48N765113,Blue,2009,47608,false,v8,118,23220791,13/2/2025
Yukon XL 2500,GMC,WAUAF78E68A669467,Crimson,2008,67636,false,v12,58,27719051,15/11/2024
A4,Audi,WAUKF98E07A905755,Fuscia,2004,23599,true,v8,154,19360137,17/1/2025
Parisienne,Pontiac,WAUBF78E28A195649,Goldenrod,1984,77930,true,v4,315,17402300,19/6/2025
S2000,Honda,1G6DP5E31C0482398,Goldenrod,2001,88412,true,v6,182,25486054,25/4/2025
Canyon,GMC,1HGCP2E33AA998519,Purple,2008,28237,false,v6,416,21095213,26/2/2024
ES,Lexus,JN1AZ4EH9CM076140,Goldenrod,2005,59573,false,v12,358,26916437,20/12/2024
Camaro,Chevrolet,3D73M4HL5BG227793,Goldenrod,1977,31366,true,v6,248,25935349,29/4/2024
Impreza,Subaru,3N1CN7AP2EK714993,Green,1997,36990,false,v12,342,21612673,27/1/2024
Elantra,Hyundai,1FAHP2DW6CG994650,Yellow,2006,42232,false,v6,306,28036825,25/11/2024
Tempest,Pontiac,KM8JT3AB7BU605301,Orange,1965,6378,true,v6,413,26036853,19/9/2024
Scirocco,Volkswagen,WBA3C1C5XDF106408,Crimson,1986,69104,false,v6,316,12396713,13/1/2025
GT-R,Nissan,5XYZG3AB4BG378257,Mauv,2013,39028,false,v6,194,27904130,9/9/2024
Altima,Nissan,WBAAV33431E851328,Mauv,2006,61678,false,v12,411,14286054,29/12/2024
Expedition,Ford,2G61T5S37E9176611,Puce,2009,37797,false,v12,82,29293303,29/7/2024
Mystique,Mercury,WBAEP33453P085427,Maroon,1997,79429,true,v12,114,14877484,11/3/2025
Spyder,Maserati,19UUB3F53FA844926,Fuscia,1990,42631,false,v8,316,28811213,22/10/2025
Precis,Mitsubishi,1G6KD57Y66U517376,Teal,1994,46814,false,v12,365,10835455,10/10/2024
Fifth Ave,Chrysler,5J8TB1H27AA295002,Fuscia,1993,47498,true,v8,171,26293314,19/7/2025
Grand Prix,Pontiac,1G4HR54K234536040,Blue,1972,60819,false,v6,366,27340798,22/3/2025
Frontier,Nissan,WDDNG9FB0CA868521,Khaki,2001,67578,true,v6,389,17754618,18/10/2025
Santa Fe,Hyundai,JH4KA96552C651637,Orange,2007,35883,false,v12,54,14033917,30/11/2024
Forenza,Suzuki,5XYZT3LBXDG259561,Green,2005,74306,true,v4,450,24710823,8/3/2025
Trooper,Isuzu,1FTWW3A53AE713299,Maroon,1996,13923,true,v4,284,17654022,10/8/2025
Veracruz,Hyundai,WAUXL68E44A339754,Crimson,2012,5510,true,v4,207,18180281,24/9/2024
Camry,Toyota,WAUNF98P78A482690,Crimson,2001,12847,true,v8,499,19908594,15/4/2024
Galant,Mitsubishi,3GYEK62N86G220786,Blue,1986,69950,false,v4,191,17631523,19/7/2024
C-MAX Hybrid,Ford,JA4AS3AW5DU671286,Purple,2013,5283,true,v4,64,24556792,16/10/2025
Suburban 2500,GMC,1N6AA0CA9FN791739,Maroon,1998,49420,true,v4,357,10756885,18/5/2024
Crown Victoria,Ford,3VW217AU6FM622511,Violet,2001,26909,false,v8,275,29403650,11/7/2025
Lancer,Mitsubishi,WBAVA33567P866666,Fuscia,2002,8720,true,v8,451,14426975,13/8/2024
1500 Club Coupe,GMC,WAUGL98E26A144935,Puce,1996,85038,true,v6,285,12390524,27/2/2025
Ram Wagon B250,Dodge,W04GS5EC5B1739994,Red,1992,37610,true,v12,263,15560236,11/3/2025
ES,Lexus,YV1902MD2F1203467,Yellow,2003,83636,false,v8,499,11710539,3/10/2025
Fusion,Ford,KM8JT3AB0BU153627,Mauv,2010,88707,false,v8,193,26564692,15/6/2025
600SEL,Mercedes-Benz,WA1WMAFE5BD338233,Mauv,1992,74266,false,v12,194,21227882,10/1/2025
DeVille,Cadillac,2G4GT5GV1C9291022,Aquamarine,2004,83082,true,v4,326,28359368,6/3/2025
M-Class,Mercedes-Benz,WBAEP33473P107136,Goldenrod,2010,54871,true,v4,384,15672709,29/10/2025
Ram 1500,Dodge,2FMHK6CC1AB335539,Pink,2000,63595,true,v12,499,17004931,18/12/2023
Silverado 1500,Chevrolet,WAURVAFA4AN402863,Violet,2007,8150,false,v4,141,29964922,25/6/2025
Prius,Toyota,2HNYD18715H605754,Blue,2007,34341,false,v4,479,12435636,12/6/2025
Aerio,Suzuki,WA1WYBFE9AD798049,Blue,2003,28705,false,v4,336,22548449,26/3/2025
Regal,Buick,SALFR2BG9EH180098,Violet,2004,33253,false,v8,436,25243245,22/6/2025
Metro,Chevrolet,2C3CDXEJ5FH571102,Yellow,1998,39135,true,v12,144,22467197,25/2/2024
9-5,Saab,JM1NC2LF7E0981248,Blue,2008,15091,false,v4,67,21394811,23/7/2024
Villager,Mercury,4T1BD1FK4DU557788,Turquoise,1997,16769,true,v12,125,20522994,12/12/2023
LR2,Land Rover,WVGEG9BP5DD209003,Turquoise,2010,40869,false,v8,237,10570448,21/2/2025
Torino,Ford,WVGEF9BP4DD274038,Mauv,1970,23054,false,v4,234,23128768,15/10/2025
ES,Lexus,WBSBR93476P996973,Indigo,2003,79656,false,v12,91,23902346,10/9/2024
Ram Van 2500,Dodge,1G6DC1E35E0375085,Violet,1999,71317,true,v8,495,23414461,19/11/2024
G,Infiniti,19UYA42433A847070,Violet,2008,83005,false,v12,121,24980714,29/8/2025
Escalade ESV,Cadillac,5BZAF0AA3EN488171,Aquamarine,2012,93144,true,v4,312,17639675,25/1/2025
Corvair,Chevrolet,WBAPK5C58AA023497,Teal,1960,85270,false,v4,179,23004854,7/5/2025
Navajo,Mazda,1C4RDHEG6CC849178,Maroon,1993,92228,true,v6,185,29302891,6/1/2025
Topaz,Mercury,2HNYD18764H275074,Maroon,1990,12332,true,v12,366,27866881,27/4/2024
Marquis,Mercury,JN8AZ2NC2F9216448,Maroon,1984,24361,true,v12,252,16299585,18/7/2024
Ram 3500,Dodge,JH4DC54894S364741,Green,2002,33579,false,v8,180,22490373,29/7/2025
Esteem,Suzuki,4JGBF2FE2BA410104,Teal,1996,9761,false,v12,368,18711187,18/6/2024
Windstar,Ford,JN1CV6EK8EM063118,Goldenrod,2003,7474,false,v4,335,21096021,7/6/2025
Santa Fe,Hyundai,WA1CGBFE7ED224464,Pink,2010,90132,true,v12,470,29878083,12/10/2024
MR2,Toyota,2HKRM3H30DH616933,Aquamarine,1995,13320,true,v12,92,25826695,21/10/2025
Ram Van 2500,Dodge,1G6DC8E57C0172464,Red,1997,45191,false,v6,307,17980713,5/10/2025
Diablo,Lamborghini,WBABW534X6P373725,Yellow,1994,5237,true,v4,375,23535803,8/5/2024
STS,Cadillac,1G6AA5RA7F0103244,Red,2009,22981,true,v6,257,25162983,13/9/2024
Esprit,Lotus,JTHFE2C28F2731016,Green,1994,21613,false,v4,344,19728723,18/12/2023
Matrix,Toyota,5N1AN0NU3AC937342,Purple,2008,88863,true,v4,444,17571931,1/12/2024
Colt,Dodge,WA1AM74L59D842693,Mauv,1994,87640,false,v8,149,19871653,13/9/2025
B-Series,Mazda,4USDU535X8L871518,Puce,2003,39277,true,v4,266,24027527,3/6/2025
Ion,Saturn,3C4PDDBG6ET095131,Khaki,2007,16284,false,v6,158,18004847,5/6/2024
Avenger,Dodge,WBAEJ13423A434004,Orange,2010,57805,false,v4,305,26343718,13/1/2025
Tundra,Toyota,1G6AZ5S36F0711809,Orange,2002,24331,false,v6,200,23954238,19/9/2024
Forte,Kia,WAUSFAFL0BA421807,Red,2012,83224,true,v4,495,19407762,14/8/2025
LeSabre,Buick,2C4RDGEG1CR207775,Turquoise,2004,15992,true,v6,250,11860512,28/10/2025
Metro,Chevrolet,1G4GE5E37CF910483,Red,1998,59412,false,v12,240,28428162,17/11/2023
Grand Am,Pontiac,3D7TT2CT8AG754675,Maroon,1988,19255,true,v8,278,12955426,28/8/2024
Jetta,Volkswagen,KMHCT4AE0EU136825,Violet,1988,14797,true,v4,457,13815442,7/4/2024
Astra,Saturn,JH4CL95846C984394,Blue,2008,23481,false,v12,289,28219511,26/2/2024
F250,Ford,JTDKN3DUXF0690969,Red,1984,72495,false,v6,50,16067518,11/5/2025
Sunbird,Pontiac,2FMDK4JC7AB202421,Violet,1991,18253,true,v8,232,19844024,10/10/2025
Tahoe,Chevrolet,19UYA42711A872461,Indigo,1999,73002,true,v6,390,29891648,14/10/2024
Explorer Sport Trac,Ford,SCBCU8ZA9AC405319,Goldenrod,2008,47408,false,v12,286,14630130,8/10/2025
Avalon,Toyota,YV1672MC0CJ670694,Fuscia,2006,66784,true,v6,392,17450016,14/1/2024
G37,Infiniti,WUARL48H27K598500,Yellow,2008,29497,false,v12,315,25980939,12/4/2024
SC,Lexus,3C4PDDBG9DT765088,Teal,2004,97646,false,v6,225,22975134,26/1/2024
XC70,Volvo,1VWAH7A31CC401913,Teal,2012,78715,true,v8,290,21720338,21/9/2025
1500 Club Coupe,GMC,WBABD53456P561249,Fuscia,1992,68320,true,v4,146,24576393,30/5/2025
G-Class,Mercedes-Benz,1GYUCCEF2AR364323,Aquamarine,2009,50210,true,v8,63,23652534,5/2/2025
Eclipse,Mitsubishi,3D73Y4CL6BG188496,Red,1990,17633,false,v8,157,21581175,22/10/2024
Grand Cherokee,Jeep,2C4RDGDG1FR960079,Fuscia,1995,9819,true,v12,280,25497018,28/4/2025
Tiguan,Volkswagen,19UUA9F28BA235840,Teal,2011,53169,false,v12,464,24795369,24/11/2023
S-Class,Mercedes-Benz,WAUNG74F79N864906,Orange,1993,13939,false,v6,250,13513992,21/3/2025
CL-Class,Mercedes-Benz,WAURVAFA6AN963212,Red,2006,27331,false,v6,329,18874846,6/10/2024
Savana 1500,GMC,JM1NC2EFXA0031294,Blue,2005,23755,false,v4,458,22459486,28/9/2024
Ram Van 1500,Dodge,2C3CDXCT8CH850897,Crimson,1996,21863,true,v8,422,13674398,19/1/2024
Stratus,Dodge,5UXXW5C53F0598075,Teal,2005,52642,false,v4,310,23122229,22/7/2025
Century,Buick,1G6KD57Y02U346683,Violet,1997,92952,true,v8,154,25047290,19/3/2024
S40,Volvo,SCBZK25E83C899780,Turquoise,2009,95373,false,v4,422,28247796,29/12/2023
G37,Infiniti,WBAVD33536K168972,Pink,2009,30691,true,v6,137,15161952,26/7/2024
Corvette,Chevrolet,WAUKF98P19A158414,Indigo,1955,81399,true,v6,117,27033291,8/11/2025
599 GTB Fiorano,Ferrari,YV4612HMXF1525657,Orange,2007,36842,false,v6,76,27674599,16/12/2023
Focus,Ford,5GALRAEDXAJ558889,Purple,2003,43606,false,v6,424,17680610,30/7/2024
Galant,Mitsubishi,4T1BD1FK6DU061732,Crimson,2010,42735,false,v6,378,19447091,23/11/2023
Jetta,Volkswagen,KMHCT4AE7EU372761,Purple,2003,19196,false,v6,59,19115423,6/7/2025
Vibe,Pontiac,WAUR4AFD3CN220054,Blue,2010,41400,true,v12,212,26136518,9/2/2024
Sequoia,Toyota,3N1AB7AP7FY782124,Teal,2001,57844,true,v12,393,29982953,19/9/2024
Navigator,Lincoln,JH4CU2F44DC254319,Khaki,2011,84670,false,v12,357,20257599,19/7/2024
FX,Infiniti,5FRYD4H24GB324230,Puce,2012,35039,true,v8,228,27475994,27/3/2024
Escalade,Cadillac,JH4KA96673C663007,Pink,2002,17877,true,v8,86,27675393,27/4/2025
Outlander Sport,Mitsubishi,WAU4GAFB2BN838142,Indigo,2011,62400,false,v6,162,24792368,24/3/2024
G35,Infiniti,WAUXU54B83N909975,Turquoise,2004,7270,false,v6,187,19466721,16/11/2023
Mentor,Kia,WAUEFAFLXFN600898,Orange,1997,17941,false,v4,120,29624318,28/11/2024
Boxster,Porsche,1GD021EG9FZ038395,Puce,2000,9696,false,v4,386,10636948,10/5/2024
Continental,Lincoln,WBABN53422J900060,Red,1994,57087,true,v8,479,24948874,14/11/2023
Outlander Sport,Mitsubishi,SCBCR73W78C541667,Crimson,2011,91891,true,v8,376,23763359,15/2/2024
S-Class,Mercedes-Benz,1G6DP8EV9A0057933,Fuscia,1996,96320,true,v4,102,19939265,17/7/2024
Jimmy,GMC,WBA3B5C59FP898865,Fuscia,1992,48496,true,v12,167,17514656,17/9/2025
F-Series Super Duty,Ford,5BZBF0AAXFN136808,Fuscia,2007,88824,false,v6,168,20729356,20/4/2024
SC,Lexus,2T2BK1BA5BC439892,Yellow,2007,20998,true,v6,139,10893619,22/10/2025
Yukon XL 1500,GMC,WBAYA8C51ED892729,Crimson,2003,91097,true,v8,438,11983272,23/3/2024
Eldorado,Cadillac,JN1AZ4EH9DM024556,Orange,1995,51891,true,v6,83,29088974,24/12/2024
Sequoia,Toyota,3D73Y4HL2AG016389,Violet,2008,88814,true,v4,447,22987668,24/7/2025
GL-Class,Mercedes-Benz,WA1LFBFP2DA925403,Yellow,2009,93062,false,v8,434,27958876,8/8/2025
Grand Prix,Pontiac,1D7RW5GK9BS267712,Indigo,1977,8095,false,v6,114,22332701,26/4/2025
Silhouette,Oldsmobile,5LMJJ3H53BE085966,Purple,2003,17584,false,v4,226,13755663,31/1/2025
Galant,Mitsubishi,1G6AC1R30F0424546,Puce,2006,56576,false,v12,420,18697467,27/11/2024
SLX,Acura,3D7TT2CT6BG173290,Violet,1998,82083,false,v8,453,19903243,20/6/2025
Suburban 1500,Chevrolet,JM1NC2JF8C0517806,Pink,1993,21041,false,v4,386,26781493,21/8/2025
Taurus,Ford,WBAEK73455B458083,Goldenrod,1999,25003,true,v6,202,13227210,6/1/2024
Sierra 2500,GMC,WAURVAFA5AN975478,Indigo,2012,31191,false,v4,270,10155665,19/2/2025
Rodeo,Isuzu,WAUSF78E77A374235,Violet,2000,81083,false,v8,115,14052843,8/7/2025
Regal,Buick,5NPEB4AC0EH688091,Indigo,1990,11109,true,v6,379,24758851,8/2/2024
Silverado 2500,Chevrolet,WA1C8AFP1DA449780,Turquoise,2008,35015,false,v12,500,13011162,26/8/2025
Bronco,Ford,SAJWA4FC0EM425686,Violet,1996,68691,true,v12,198,24879554,10/11/2024
Gran Sport,Maserati,3N1CN7AP4DL056389,Teal,2006,94125,false,v6,60,23861823,23/8/2025
Alcyone SVX,Subaru,1G4PP5SK0C4720140,Mauv,1993,88320,false,v4,224,16809785,17/2/2025
Frontier,Nissan,KM8JT3AB1DU901210,Orange,2010,26697,false,v8,193,12933142,18/6/2025
Escalade EXT,Cadillac,WA1YL64B74N597708,Indigo,2002,24860,false,v6,293,15189381,19/6/2025
Savana 3500,GMC,WAUSF78E58A890739,Indigo,2000,60774,false,v8,368,10312227,27/12/2024
QX,Infiniti,1FMJK2A50AE434985,Maroon,2008,92055,true,v6,431,19042667,20/7/2024
Elise,Lotus,JTDKN3DU4A0408740,Maroon,2008,23137,false,v6,137,26374039,27/10/2025
Skylark,Buick,KNADH5A37A6469419,Maroon,1987,76230,true,v8,376,16168959,25/3/2024
Echo,Toyota,1G6AR5SX8F0057589,Red,2003,52438,false,v6,484,23200767,2/6/2024
Sierra 2500,GMC,YV1672MK1C2807465,Khaki,2010,11309,false,v8,180,26466597,5/8/2024
Sienna,Toyota,5N1AN0NU9DN590592,Teal,2002,19421,false,v4,153,27341896,6/12/2024
S-Class,Mercedes-Benz,1FTEX1E80AK439725,Blue,1997,47862,false,v12,275,24780619,6/9/2024
Starion,Mitsubishi,WAUVC68E64A381396,Teal,1984,70258,true,v12,386,22670148,3/10/2024
Astro,Chevrolet,1GYEK63N86R250952,Crimson,1993,40120,false,v12,357,22543721,9/9/2025
Ascender,Isuzu,JTDJTUD3XED299178,Blue,2006,67586,true,v4,134,16685117,31/7/2025
Prelude,Honda,WAUGN74FX9N760277,Orange,1997,72234,true,v6,196,26204751,21/2/2024
Intrigue,Oldsmobile,2C4RRGAG3ER414419,Blue,2000,8492,false,v4,238,16127927,5/6/2025
Spirit,Dodge,SCBBR93W278931620,Fuscia,1992,62228,true,v12,65,15550349,29/6/2024
E150,Ford,WUAPV54B53N945769,Turquoise,2009,85104,true,v12,277,23978094,7/6/2025
Diamante,Mitsubishi,WAUML64BX2N568475,Crimson,2004,94230,false,v12,67,16960460,6/7/2024
GTO,Pontiac,1G6KE57YX5U657913,Green,1967,37818,false,v8,438,11776842,5/9/2025
Riviera,Buick,1N6AF0KY9FN494647,Mauv,1998,44694,false,v4,428,27523845,8/8/2024
T100 Xtra,Toyota,1HGCP2E82AA928604,Khaki,1998,18344,false,v12,116,22173389,17/3/2025
Camaro,Chevrolet,WAU4FAFR5BA872745,Fuscia,2000,34049,true,v8,304,27393770,23/3/2024
Azure T,Bentley,1GYS3LKJ1FR267041,Violet,2010,52817,true,v6,256,24344099,28/12/2023
C70,Volvo,5N1AA0NE5EN024581,Mauv,2012,86115,true,v12,328,22607955,30/5/2024
CLK-Class,Mercedes-Benz,WA1WKAFP4BA623403,Purple,2000,31256,true,v6,256,23105884,29/3/2025
Optima,Kia,1GYS3CEFXBR020876,Crimson,2006,29578,false,v8,419,24154083,20/11/2023
Explorer Sport Trac,Ford,1G4CU541814806658,Puce,2005,13904,true,v6,425,26893034,31/12/2023
Passat,Volkswagen,WBAPK7G51BN747967,Violet,1990,15082,false,v4,56,17408739,28/7/2025
Legend,Acura,1FMEU8FE7AU018719,Indigo,1988,65062,true,v12,100,29941961,5/11/2025
MPV,Mazda,1D7RB1CP4BS042801,Crimson,2002,24204,true,v4,184,23816240,4/5/2025
GS,Lexus,1FBNE3BL0ED665000,Puce,2005,30278,true,v8,277,24170379,24/3/2024
Sunfire,Pontiac,JTHBL5EF7F5802548,Teal,2002,60165,false,v8,443,28670577,16/12/2024
LaCrosse,Buick,WA1UFAFL5DA039734,Red,2012,65851,true,v12,454,28528153,2/7/2025
XL7,Suzuki,WAUDH74F06N825269,Purple,2008,55864,true,v12,314,29911964,14/8/2025
Town & Country,Chrysler,SALGS2DF5DA746035,Turquoise,1992,82444,false,v12,75,23800502,26/11/2024
Gallardo,Lamborghini,JN8AZ2NEXF9699205,Mauv,2010,26430,true,v8,216,21891359,7/7/2025
Civic,Honda,3C6LD5BT9CG465552,Turquoise,1994,32037,false,v6,225,11998000,21/4/2025
MDX,Acura,4JGBF2FE6BA906930,Turquoise,2007,85216,false,v6,191,18077066,20/7/2024
MKT,Lincoln,KM8JT3AC2AU097374,Indigo,2012,85107,false,v12,404,14119199,7/8/2024
Sprinter,Dodge,1N4AB7AP1EN621153,Teal,2008,38999,true,v12,196,14355671,26/9/2025
Explorer Sport Trac,Ford,WBA3T3C56EJ617723,Red,2009,48776,false,v8,76,18909228,5/7/2024
Ascender,Isuzu,1G6DG5E53C0537256,Teal,2003,24728,true,v6,494,14228973,23/4/2024
B-Series,Mazda,4USCN33432L263951,Yellow,1990,43424,false,v6,332,29392067,7/8/2025
62,Maybach,WAUBFAFL7CN882965,Blue,2009,93517,false,v12,143,28928628,3/3/2025
Suburban 1500,GMC,2FMDK4AC6AB024498,Goldenrod,1993,50596,false,v8,432,23437810,29/3/2024
A4,Audi,KNAFX6A83E5863797,Indigo,1999,52395,true,v6,104,24678433,13/7/2025
V12 Vantage,Aston Martin,1GYS4RKJ7FR993700,Pink,2012,81700,true,v6,328,24543758,15/7/2024
Q,Infiniti,WBALW3C55FC036002,Teal,1994,87012,true,v4,197,12696518,9/1/2024
W201,Mercedes-Benz,3FADP4AJ6CM969885,Indigo,1984,41542,false,v8,298,26791230,16/4/2024
Taurus,Ford,WA1VKBFP5AA917618,Crimson,2000,58045,false,v6,333,27976387,9/6/2024
Savana 1500,GMC,WUAPV64B33N306201,Blue,2012,30830,false,v8,202,29568736,12/3/2024
SL-Class,Mercedes-Benz,WAUHE78P29A266588,Orange,2004,95102,false,v6,391,20678343,16/3/2024
F350,Ford,5J6TF2H59FL224053,Maroon,2001,20916,false,v4,136,28470237,13/7/2024
300SE,Mercedes-Benz,5GALVCED0AJ135407,Aquamarine,1992,58777,false,v6,480,22266356,30/6/2024
Accent,Hyundai,JTJBM7FX8B5385546,Pink,2009,18054,false,v6,95,16333338,13/3/2024
Boxster,Porsche,WAUKG58E95A576122,Aquamarine,2007,66105,false,v6,369,26986601,29/12/2023
Vega,Chevrolet,WDDLJ9BB8FA851291,Violet,1971,20916,true,v6,258,22570322,15/9/2024
Seville,Cadillac,WBS3U9C5XFJ821129,Mauv,1996,11940,true,v4,165,15472655,10/8/2025
E-Series,Ford,WA1CGBFE6ED951031,Blue,1990,70058,false,v8,255,24101155,28/3/2025
Legacy,Subaru,1G6DA5EG7A0458088,Yellow,1995,33815,true,v6,491,18445210,10/12/2024
Silverado 1500,Chevrolet,WAUMF78K89N756896,Aquamarine,2012,96496,false,v6,153,29900389,28/3/2024
90,Audi,WA1DGAFE4CD312948,Violet,1993,98401,true,v4,242,27322220,16/9/2024
Rainier,Buick,1YVHZ8BH3A5225490,Puce,2004,43777,true,v4,100,27190590,5/4/2025
Ranger,Ford,SCBZU25EX1C322563,Green,1988,9382,false,v4,139,27311284,20/12/2024
Alpina B7,BMW,1YVHZ8BHXD5023055,Yellow,2007,57707,false,v6,135,20756929,27/3/2025
H3,Hummer,1GYS3EEJ8DR946132,Khaki,2007,54069,true,v6,70,27413061,14/10/2025
MKX,Lincoln,WBAVM5C5XEV406292,Fuscia,2012,12631,false,v6,464,26893181,12/8/2025
G,Infiniti,4T3BK3BB8FU848621,Red,2007,57908,true,v12,103,28915976,19/1/2024
GTI,Volkswagen,1C6RD6KP6CS153605,Indigo,1991,51651,true,v8,279,22856812,10/1/2025
Taurus,Ford,WAUVC58E42A774174,Purple,1988,40757,false,v4,117,16890920,15/7/2025
Focus,Ford,JN1CV6EK1EM724729,Mauv,2008,95242,true,v6,276,21573385,18/10/2025
8 Series,BMW,1C4SDHCT0DC441844,Khaki,1996,90339,false,v6,298,17076164,28/2/2025
Savana 3500,GMC,WAUBH64B81N293499,Goldenrod,2000,65985,true,v8,493,22658649,28/9/2025
626,Mazda,WP0AB2A88CU309694,Red,1998,19331,true,v4,499,21986606,3/6/2025
Sable,Mercury,2C4JRGAG8ER897600,Aquamarine,2009,58227,false,v12,240,28134994,9/3/2024
C70,Volvo,3D73Y4EL6BG311047,Purple,2013,48551,true,v4,242,17415967,3/2/2025
Passport,Honda,WBAYA6C50DC792033,Turquoise,1999,23332,true,v6,475,19990380,21/7/2025
8 Series,BMW,1G4PS5SK4E4814622,Violet,1993,99411,true,v12,119,13053070,1/5/2024
CTS,Cadillac,YV1672MC3CJ782955,Turquoise,2006,97214,false,v8,322,14836123,29/5/2025
944,Porsche,WBABD33415P943751,Fuscia,1984,45536,true,v6,240,15070520,4/11/2024
Navigator,Lincoln,WUARL48H67K773976,Goldenrod,2005,41233,true,v8,181,13701011,27/3/2025
MX-3,Mazda,5BZAF0AA1EN007897,Red,1993,71326,false,v8,331,17443188,25/6/2025
Pajero,Mitsubishi,SCFAD01AX6G298588,Teal,2000,5694,false,v8,370,29275060,17/2/2025
Z3,BMW,WAUAFAFL2DN085505,Khaki,1997,44244,true,v6,470,14165414,17/2/2024
RX,Lexus,WAUXD68D01A632938,Violet,2009,66271,true,v4,276,22410742,22/7/2024
L300,Mitsubishi,WAUVF98K39A106848,Red,1990,87116,false,v8,422,17106735,7/12/2023
A8,Audi,5TFBM5F17AX864692,Violet,2004,75505,true,v12,464,10978054,5/5/2024
Silverado 2500,Chevrolet,JN1CV6EK9CM207112,Mauv,2003,70837,false,v12,290,24050585,27/7/2024
M5,BMW,1B3BD2FB5BN701352,Aquamarine,1993,99099,false,v4,269,20327228,31/10/2025
Baja,Subaru,1GKS1GEJ4CR519556,Khaki,2006,83957,true,v8,263,16762089,17/2/2024
Typ-1,Aptera,1N6AA0CH3EN801693,Aquamarine,2009,89292,true,v6,236,25720119,4/10/2024
Mustang,Ford,1FTWF3B56AE456878,Khaki,1990,89144,false,v8,72,26902986,6/1/2024
Sonoma Club Coupe,GMC,2C3CDXEJ5DH392071,Crimson,1998,14316,false,v4,81,22547977,19/10/2024
Town & Country,Chrysler,WBA4B3C54FD382309,Turquoise,2008,28311,false,v8,208,18801805,15/9/2025
Fiesta,Ford,WP0AA2A93CS757879,Green,2001,18596,true,v12,175,15058645,5/10/2024
Legacy,Subaru,KNAGM4A79B5200075,Indigo,2009,26025,true,v8,228,16932466,20/10/2025
RX-7,Mazda,JTHBL1EF9B5962367,Teal,1993,32804,true,v12,494,27977623,3/7/2024
Express 1500,Chevrolet,KM8JT3AF6FU562661,Violet,1997,8921,false,v12,65,19385175,22/2/2025
RAV4,Toyota,3VW1K7AJ8DM547466,Fuscia,1999,35580,false,v12,318,13780628,3/6/2024
Previa,Toyota,1GT3CZBG9AF355170,Teal,1994,97665,false,v4,384,17390348,9/8/2025
Grand Marquis,Mercury,2C3CK3CV4AH326577,Crimson,1999,74541,true,v12,157,27779980,5/3/2025
Elantra,Hyundai,5TFAW5F13EX324266,Blue,2008,88322,false,v8,466,27735209,18/9/2024
Pajero,Mitsubishi,19UUA9E56DA539800,Crimson,2005,35503,false,v12,172,18255041,22/1/2024
CL-Class,Mercedes-Benz,1FAHP3GN9AW207668,Purple,2009,31283,false,v12,216,11778437,25/8/2025
Sentra,Nissan,2G4WC582671610855,Crimson,1999,35415,false,v12,359,26139036,30/6/2024
Azure,Bentley,4T1BK3DB7AU793920,Crimson,2008,15867,false,v12,226,25838453,4/6/2024
Enclave,Buick,5TFBM5F19AX107065,Blue,2008,19158,true,v6,396,17065439,17/6/2025
Loyale,Subaru,WA1YL64B85N236327,Blue,1991,76621,true,v12,443,29828512,5/11/2024
Enclave,Buick,1GYS3RKJ1FR679818,Maroon,2011,55616,true,v4,468,13920237,27/4/2024
LS,Lexus,5GAKVAED1CJ604717,Goldenrod,2003,39123,true,v12,352,15206787,23/10/2025
XF,Jaguar,KMHHT6KD6AU704772,Crimson,2009,55731,false,v4,353,13620610,25/5/2024
Freestar,Ford,2B3CA9CV1AH215522,Puce,2005,9077,false,v12,434,23212484,30/4/2024
NSX,Acura,1G6AC5S31D0953616,Teal,2001,64721,true,v4,260,12404942,13/4/2025
928,Porsche,1G4HD57248U112098,Teal,1989,62314,true,v12,364,20886124,25/3/2025
Reatta,Buick,WDDHF5KB6EA804372,Green,1989,79787,true,v4,216,14387712,22/2/2025
Protege5,Mazda,5N1AT2MK6EC084104,Purple,2002,77252,true,v8,103,10897907,8/4/2024
Envoy,GMC,1D7RB1CT1BS736827,Maroon,2008,35404,true,v12,347,26418419,14/1/2024
MX-6,Mazda,WAUBH78E48A748358,Yellow,1994,81606,false,v8,351,27576580,15/5/2025
Accent,Hyundai,5N1CR2MM6EC008424,Violet,2013,93966,true,v12,317,21548578,25/9/2024
Topaz,Mercury,WAUMR94E68N452676,Mauv,1991,39854,true,v8,488,10726204,11/5/2024
E-Series,Ford,19UUA66264A521784,Fuscia,1989,77591,false,v4,349,23517481,4/9/2025
Fusion,Ford,JN1CY0AP6AM134901,Red,2009,12855,false,v8,113,24734445,30/3/2024
RX-8,Mazda,JH4KA96554C256330,Purple,2007,29776,false,v12,185,19249121,16/9/2025
Lancer,Mitsubishi,2G4WB55KX31606339,Orange,2006,53287,false,v4,385,19773692,3/2/2025
Sportvan G20,Chevrolet,4JGCB2FB5AA230331,Red,1995,44146,true,v4,446,23893822,30/4/2024
Tucson,Hyundai,4A31K5DF1AE367811,Fuscia,2011,56082,false,v12,131,28532635,25/7/2024
Sentra,Nissan,SCFHDDBT1EG032056,Green,1993,92030,true,v6,52,22651713,31/8/2025
Aventador,Lamborghini,2T1BPRHE5EC999088,Turquoise,2012,37062,false,v12,393,16734249,27/7/2024
Vitara,Suzuki,WBA3R5C59FK873263,Khaki,2003,22578,true,v12,281,11221547,12/7/2024
MX-5,Mazda,1C6RD6KP8CS647982,Indigo,2002,75421,false,v8,357,11035535,3/11/2025
Yukon,GMC,WAUJC58E13A276269,Turquoise,2001,98955,false,v12,263,11574633,2/5/2025
New Yorker,Chrysler,JN1CV6EK8BM849934,Blue,1996,68789,true,v4,257,20686107,6/10/2024
Sunfire,Pontiac,JH4KA96501C950158,Purple,1997,55333,false,v6,142,13688165,17/5/2025
Bravada,Oldsmobile,3VWPG3AG8AM999101,Puce,2004,54483,false,v8,397,28047614,8/10/2024
Grand Prix,Pontiac,3C3CFFDR4DT159687,Yellow,2004,5390,true,v8,375,22421292,13/9/2025
Voyager,Plymouth,WAUSH98E16A578985,Red,1994,80140,false,v8,461,29734797,13/2/2025
Express 2500,Chevrolet,3C6JD7CT5CG645242,Turquoise,2003,83091,true,v4,333,20826729,30/6/2025
Tempo,Ford,JN1CV6AP5CM811760,Crimson,1992,67907,true,v6,185,23944747,16/5/2025
Ghost,Rolls-Royce,WBABS33481J125839,Violet,2010,19173,true,v4,434,29318717,22/12/2024
NV2500,Nissan,2C4RDGDG4FR350533,Violet,2012,46593,false,v6,282,16372168,10/8/2024
Pathfinder,Nissan,WAU3GAFD7FN659596,Red,2007,48033,true,v12,124,27348277,9/1/2025
LTD Crown Victoria,Ford,1G6DV8EP2D0742187,Maroon,1989,21055,false,v8,348,15973828,14/1/2025
Mountaineer,Mercury,19XFB2F54DE596620,Teal,2001,73892,true,v6,295,16715450,22/2/2024
Pathfinder Armada,Nissan,2G61S5S3XF9261558,Purple,2004,63612,true,v12,209,27576034,23/7/2024
Sable,Mercury,3D73M4CLXBG061357,Puce,2003,50216,true,v12,90,27939113,13/1/2024
Ram 2500,Dodge,KNDPB3A23D7633910,Turquoise,2010,80466,false,v12,185,26451725,6/11/2025
Sequoia,Toyota,1GYFK43599R666666,Purple,2011,69743,false,v4,460,28634141,15/2/2025
Relay,Saturn,19XFB2E54DE153823,Aquamarine,2005,96321,true,v8,313,17475335,26/8/2024
D150 Club,Dodge,5N1AA0NC5EN464461,Crimson,1993,40713,true,v6,241,12171104,18/11/2023
SJ,Suzuki,1GKS1GEJ1BR843997,Red,1987,75115,false,v8,344,16678282,25/2/2025
Esprit,Lotus,WBAWL1C52AP795430,Yellow,1991,9415,false,v4,482,25753606,16/12/2023
Accord,Honda,19UYA42613A464634,Khaki,2003,96170,true,v6,442,10054349,16/9/2024
Camry,Toyota,WAUDFAFL1FN289924,Indigo,1999,86802,true,v6,176,16967179,5/1/2024
Excel,Hyundai,1G6DL5ED3B0412503,Mauv,1994,92867,false,v12,173,11909867,11/9/2024
Astro,Chevrolet,WAUDFAFL5DN644364,Turquoise,1996,97597,false,v12,319,15014429,10/9/2025
Civic,Honda,WVGAV7AX0AW128419,Red,1991,13015,false,v6,265,29627605,16/8/2024
Park Avenue,Buick,2G4GU5GV3D9475649,Indigo,2000,60321,false,v6,302,11049497,10/11/2024
Passat,Volkswagen,4T1BD1FK0EU990462,Indigo,1999,85688,true,v4,195,16432613,18/8/2024
Accord Crosstour,Honda,TRURD38J081233009,Goldenrod,2010,16477,true,v4,411,10897801,3/7/2024
E350,Ford,WAUDF98E85A985876,Mauv,2009,61764,false,v4,182,21266803,4/11/2025
Mazda3,Mazda,1GD21ZCG7DZ163034,Yellow,2011,23653,false,v6,254,11858711,3/2/2025
Suburban 1500,GMC,WAUEF78E08A606284,Green,1994,60875,false,v8,162,25103865,2/4/2024
600SEL,Mercedes-Benz,WBAFR7C50CC263475,Purple,1992,90866,true,v4,282,12515805,9/5/2024
LeMans,Pontiac,5TDBK3EHXDS587877,Indigo,1990,32840,false,v4,386,10577399,20/7/2024
Ram 3500,Dodge,WAUHFAFLXEN059993,Aquamarine,2004,44773,false,v8,195,17119567,19/7/2024
Sequoia,Toyota,1G6DX67D360410991,Pink,2012,45110,true,v6,364,23479630,25/12/2024
Quest,Nissan,4A31K2DF2BE887810,Puce,2002,20005,true,v12,228,23920665,12/4/2025
Canyon,GMC,2G61T5S39F9120977,Aquamarine,2011,68102,false,v8,455,23401980,11/1/2024
7 Series,BMW,1G6DC1E30C0838327,Khaki,2006,81653,true,v12,274,10047340,13/1/2025
J,Infiniti,WDDEJ7KB2CA825164,Mauv,1994,61733,true,v6,221,26383317,24/6/2025
Catera,Cadillac,1GD311CG2FF052806,Pink,2000,88571,false,v4,265,20375569,6/9/2025
4Runner,Toyota,WAUVF78K39A394455,Crimson,1992,50709,true,v4,440,12239336,12/8/2025
Vantage,Aston Martin,3N1CN7AP8EL420735,Blue,2009,24332,false,v12,120,11576035,7/7/2025
Avenger,Dodge,JTHBB1BA0A2819724,Turquoise,2010,70015,true,v12,481,23536955,28/3/2025
Galant,Mitsubishi,WBAUC7C54AV024635,Teal,1989,78864,false,v8,107,23392359,14/5/2024
F350,Ford,JA4AD3A36FZ966421,Puce,1999,45653,true,v4,277,12584960,18/5/2024
Roadmaster,Buick,2T1BU4EE1BC800937,Mauv,1993,72357,false,v4,88,24760415,19/6/2024
CL-Class,Mercedes-Benz,JN8AZ2KR6AT488490,Red,2006,58853,true,v6,246,22116513,27/10/2025
i-Series,Isuzu,5TFBY5F10BX226161,Blue,2006,48737,false,v12,272,19703148,25/1/2025
Envoy XL,GMC,1D7CW2GK7AS612710,Pink,2006,99111,true,v6,125,18499165,28/9/2025
Scirocco,Volkswagen,WP0AA2A94ES354965,Puce,1985,27502,true,v12,114,17816115,7/7/2025
Escalade,Cadillac,WBALM7C59EJ122596,Maroon,2004,26952,false,v12,271,29269684,28/6/2024
911,Porsche,JN8AS5MT0CW755297,Pink,2000,64197,false,v8,444,12135806,14/5/2024
Suburban 2500,Chevrolet,KNAFT4A24C5463028,Fuscia,2009,58145,true,v12,356,18826256,16/5/2025
Millenia,Mazda,1G6DN57U970415680,Green,1999,91020,true,v4,59,13986106,18/1/2024
Sonata,Hyundai,5N1AN0NU2AC845428,Green,2008,96674,true,v6,348,27223937,15/11/2023
Express 1500,Chevrolet,WBALW7C59CC305038,Turquoise,2002,11297,true,v4,177,19698415,26/4/2025
Montana,Pontiac,4A31K5DF1CE424933,Teal,2002,97054,true,v12,173,23081741,29/8/2024
NV2500,Nissan,WA1YD54B12N924110,Maroon,2012,25215,true,v6,297,21403846,27/5/2025
Ranger,Ford,WDDGF4HB3DG752207,Khaki,2001,8895,false,v8,86,15930113,25/4/2025
F250,Ford,4JGBB2FB4AA858196,Orange,2000,8856,false,v12,356,10760588,29/5/2024
Marauder,Mercury,WBAKA4C50CD811389,Yellow,2004,15023,true,v4,441,21609566,14/11/2024
Voyager,Chrysler,KNAFX6A87E5901113,Orange,2002,96249,false,v12,187,10056247,12/8/2024
Skylark,Buick,1FMJU1H52AE866911,Aquamarine,1989,85861,false,v12,72,14315791,3/7/2025
Savana 3500,GMC,5N1AN0NU1AC491997,Blue,2004,65008,false,v12,405,14429294,23/7/2025
F250,Ford,2FMGK5C83FB024591,Crimson,2011,56134,false,v8,74,11891249,27/4/2025
S-Class,Mercedes-Benz,WAUAC48H16K259703,Orange,1992,94106,false,v12,434,11957826,13/6/2024
Intrepid,Dodge,WAUGL78E65A075525,Purple,1997,89364,false,v4,322,12772662,19/4/2024
Sephia,Kia,WA1CGAFE5FD711206,Indigo,1995,49625,false,v4,484,18941142,4/8/2025
Grand Prix,Pontiac,YV1672MW1B2179263,Orange,2003,64803,false,v12,342,20064730,1/4/2025
A7,Audi,WA1VMBFE8ED322811,Khaki,2012,94111,false,v8,382,16733504,1/6/2024
Ram 3500 Club,Dodge,2G4WD582361490878,Goldenrod,1996,70140,true,v4,198,22093541,6/1/2024
Mark VII,Lincoln,1FT7W2A64EE184927,Violet,1984,49600,false,v12,220,18636060,11/2/2025
200,Audi,2HKRM3H52FH597614,Aquamarine,1991,7263,true,v8,244,27802778,1/8/2024
Insight,Honda,2T1BPRHE1EC087235,Crimson,2010,81599,false,v12,330,29506324,1/1/2025
RVR,Mitsubishi,WBAPM73509A558695,Fuscia,1993,99242,true,v6,354,22783165,31/7/2025
Skylark,Buick,4USBU33558L292996,Puce,1998,22567,true,v12,476,22439356,12/11/2023
3500,GMC,5UXFG2C57CL094114,Crimson,1995,45531,true,v12,414,23756621,25/9/2024
A6,Audi,19UUA8F54DA232943,Violet,2010,32072,false,v6,448,28216712,23/5/2025
California,Ferrari,WAUAF98E15A319218,Aquamarine,2010,29156,true,v4,478,27773024,15/2/2025
1 Series,BMW,2G61M5S32F9976912,Red,2010,40837,true,v6,418,17573736,9/7/2025
Freelander,Land Rover,1N6AA0EC0DN598794,Crimson,2001,29491,false,v8,379,15301316,30/9/2025
Montero Sport,Mitsubishi,3FAHP0GA2AR157162,Pink,1997,70151,true,v4,288,21670067,30/9/2024
Bonneville,Pontiac,1FTMF1CW1AK563812,Purple,1999,83806,true,v4,389,23630046,20/8/2025
Prius,Toyota,3D73Y4CL0BG978425,Maroon,2001,32978,false,v12,395,28253009,2/6/2025
Sunbird,Pontiac,KMHFC4DF4AA945256,Maroon,1992,32952,false,v12,313,25254848,21/4/2024
1500,Chevrolet,KNADH4A33B6568749,Violet,1997,41502,false,v8,467,27531052,4/4/2024
Talon,Eagle,2C3CCAAG9EH055821,Khaki,1995,36468,true,v6,431,21881176,7/7/2024
W123,Mercedes-Benz,WAUDV94F69N422793,Maroon,1977,98847,false,v8,418,22309204,25/10/2024
Tacoma,Toyota,YV1902MD3F1798331,Pink,2001,44364,true,v6,425,23287792,23/6/2025
7 Series,BMW,WAULT58E44A109818,Maroon,2010,38874,false,v4,305,23087303,7/1/2025
MDX,Acura,KMHHT6KD3BU051934,Mauv,2010,21660,true,v12,258,17781857,27/8/2024
Vigor,Acura,SCBDP3ZA2BC868211,Mauv,1994,91177,false,v12,356,10561836,24/1/2025
Dakota,Dodge,WBA3A9C51FF353467,Pink,1993,67785,false,v8,244,18145397,4/4/2024
SLS AMG,Mercedes-Benz,1G6KD57Y42U516947,Red,2012,34162,false,v12,234,27209898,22/3/2025
Tiburon,Hyundai,1C3CCBCG7EN277817,Turquoise,2008,13719,false,v12,217,27747321,17/2/2025
Sierra 3500HD,GMC,3C6TD4CT6CG852455,Orange,2006,88422,true,v8,151,26032623,21/1/2025
B-Series Plus,Mazda,JN1CV6AP2FM389404,Mauv,1994,32831,false,v12,103,19862080,13/8/2025
Eclipse,Mitsubishi,2FMGK5CC5AB164588,Blue,2011,37359,true,v4,118,22384655,21/3/2024
LX,Lexus,4JGDF2EE3DA067655,Pink,1999,7603,false,v6,207,13329476,6/9/2024
612 Scaglietti,Ferrari,WP0AA2A93FS797500,Aquamarine,2009,19924,true,v4,188,10101601,31/10/2025
Yukon XL 2500,GMC,1GYUCDEF1AR782961,Purple,2013,55292,true,v6,473,11155626,21/11/2023
V70,Volvo,JN8AS5MT4BW712404,Orange,2004,87701,true,v4,330,15976368,29/1/2025
Mariner,Mercury,KNDKG3A24A7488481,Blue,2006,57333,true,v8,210,19137687,28/5/2024
Town Car,Lincoln,JTMHY7AJXA4393642,Violet,1984,52804,true,v6,436,20811987,5/1/2025
GLK-Class,Mercedes-Benz,19UUA76507A512468,Aquamarine,2011,74309,true,v6,142,28099484,22/12/2023
Impala,Chevrolet,1YVHZ8BH4C5200553,Indigo,2004,80158,false,v4,359,15925706,12/6/2024
SSR,Chevrolet,1N6AA0CA3CN977207,Maroon,2004,55073,false,v12,83,21605905,2/4/2024
Avalon,Toyota,5UXZV4C50D0286962,Purple,1995,98813,false,v6,273,15459868,26/6/2025
A8,Audi,WAUZL54B91N117052,Teal,2007,90056,true,v12,137,16972316,23/8/2025
V70,Volvo,WBANN73587C256058,Violet,2002,69908,false,v8,405,28393240,12/12/2023
Accord,Honda,1G6DU6EA6A0811882,Green,2001,51441,true,v8,119,15619483,13/12/2024
Protege,Mazda,5TDDK4CC1AS972598,Green,1998,17979,true,v12,243,15008931,25/2/2025
Corvette,Chevrolet,2C3CCASG7DH110294,Khaki,1988,28067,true,v8,362,12391246,8/4/2025
Tercel,Toyota,5UXFA13564L134079,Puce,1998,45359,true,v8,463,19055460,15/3/2024
Q,Infiniti,4T1BK3DB0CU808566,Indigo,2000,38203,true,v8,484,14758071,23/5/2024
Escalade EXT,Cadillac,WAUEH78E66A615370,Blue,2007,61948,false,v4,164,20411178,22/2/2024
D150 Club,Dodge,3VW507AT4FM327317,Blue,1993,13496,true,v8,182,17545951,3/3/2025
Trooper,Isuzu,1NXBU4EE1AZ448973,Green,1994,22911,false,v4,397,13510252,13/9/2025
100,Audi,WBAPM5C59BE625281,Goldenrod,1990,11039,false,v8,83,25939599,11/8/2025
CTS-V,Cadillac,1B3CC4FB2AN086809,Pink,2006,61870,false,v4,303,15256774,11/6/2024
Grand Voyager,Plymouth,1N6BF0KX8FN642069,Fuscia,1993,74629,true,v6,311,18277258,22/10/2025
Grand Marquis,Mercury,YV4952CY5E1500854,Fuscia,2002,76696,false,v12,431,26225833,14/12/2024
Ranger,Ford,WA1AV74L79D085454,Blue,2010,51457,false,v4,126,22291928,25/1/2025
Tiburon,Hyundai,4T3BA3BB1CU854694,Blue,2007,67450,true,v8,80,17901169,24/2/2025
X3,BMW,4T1BF3EK9BU207173,Purple,2007,31819,true,v8,353,22126157,16/10/2025
Ram Van B250,Dodge,SCFAD01A65G171139,Turquoise,1992,87237,false,v4,225,13373828,21/11/2024
Silverado 3500,Chevrolet,SCBFT7ZA4FC723026,Aquamarine,2007,75998,true,v12,421,26846320,8/9/2025
Cabriolet,Volkswagen,2T1KU4EE9CC708511,Violet,2000,33830,false,v12,193,27476607,29/1/2024
G,Infiniti,1N6AD0CU5EN421372,Crimson,1992,5215,true,v6,329,14423455,20/6/2024
9-5,Saab,1G4GJ5E36CF425702,Pink,2003,15774,false,v8,264,29602022,21/1/2024
Cutlass Cruiser,Oldsmobile,1FT7W2A62EE540100,Red,1993,21225,false,v12,400,24575937,27/4/2025
Ion,Saturn,3C4PDDBG2CT641341,Violet,2003,83085,true,v4,468,10965880,2/4/2025
Yukon XL 1500,GMC,KL4CJBSB2EB279817,Mauv,2005,49285,false,v4,155,11052948,1/2/2024
900,Saab,19UUA56641A964878,Red,1989,49788,false,v4,402,26389832,6/11/2025
Century,Buick,WBA3B9C5XEP571638,Green,1992,99003,true,v12,267,20657922,21/11/2023
Liberty,Jeep,WBABW53444P681941,Fuscia,2003,27840,false,v12,181,23065690,23/1/2024
Edge,Ford,1D7CE2GK3AS519055,Mauv,2010,75103,false,v12,270,28844113,22/3/2025
MR2,Toyota,YV1672MK6A2276583,Indigo,2000,19717,true,v6,143,27528184,28/12/2023
Sebring,Chrysler,1C4RDJDG6CC874249,Khaki,2008,47404,true,v12,378,28962280,5/4/2024
Contour,Ford,JH4CW2H69DC256205,Teal,1995,9130,false,v12,114,11625583,23/11/2024
RVR,Mitsubishi,WBAWR33567P616020,Pink,1993,10100,false,v12,51,24613889,5/7/2025
350Z,Nissan,WBA3N3C58FF578664,Maroon,2007,35384,false,v12,304,27157160,12/3/2025
Cabriolet,Audi,3FAHP0CG5CR650587,Teal,1998,50149,true,v8,410,23930149,22/8/2024
XJ Series,Jaguar,WBAHN83598D166335,Indigo,2005,72417,false,v4,84,11458151,10/3/2024
RX,Lexus,3VWF17AT9FM370164,Violet,2009,14098,true,v6,211,22706795,27/8/2024
LS,Lexus,2C3CCAKG0EH746024,Teal,2004,52972,false,v12,376,14361393,28/9/2025
Durango,Dodge,1G6DG8E59D0968817,Aquamarine,2005,17033,true,v4,167,10643887,29/3/2024
Cabriolet,Volkswagen,1FT7W2A6XEE209121,Crimson,2000,80593,false,v6,420,17867101,4/7/2024
Tiburon,Hyundai,WA1CGAFE4BD263938,Mauv,2005,19016,false,v4,81,27141208,23/2/2025
Sedona,Kia,2LNBL8CV6AX911177,Orange,2010,21836,false,v4,376,11237555,6/4/2025
Focus,Ford,KMHFG4JG2FA521454,Khaki,2011,40137,true,v8,496,11997955,26/7/2024
MPV,Mazda,WBAVA33557P401778,Indigo,1994,39726,true,v6,464,15386278,19/8/2025
Yukon XL 1500,GMC,WBA3A5C57CF706475,Turquoise,2009,38597,true,v12,455,10499481,10/5/2025
X5,BMW,3N6CM0KN4EK321997,Goldenrod,2009,55103,true,v6,351,13139695,26/1/2025
Express,Chevrolet,1G6DV57V890999419,Pink,2010,38247,false,v12,374,29794650,2/5/2025
Silverado 1500,Chevrolet,WA1BY94L48D636574,Turquoise,2005,59923,true,v6,301,23379291,13/5/2025
Silverado 2500,Chevrolet,KNAFK4A63F5145282,Puce,2001,6246,false,v12,140,20921044,19/12/2023
Grand Caravan,Dodge,3D7TP2CT9BG611417,Green,1996,70242,false,v6,205,18923075,10/7/2024
A4,Audi,WBA4B3C52FG073839,Teal,2004,79327,true,v8,129,16614507,31/1/2024
Talon,Eagle,JN1AZ4EH3FM584088,Teal,1997,48123,true,v8,239,17167915,23/5/2025
Tracer,Mercury,WAUWFAFH5AN971993,Goldenrod,1991,45261,true,v12,180,10269097,19/4/2024
Z4,BMW,5GALRAED8AJ613100,Aquamarine,2003,27018,true,v4,181,12530639,19/11/2024
Stealth,Dodge,SCBEC9ZA9FC808614,Indigo,1996,50784,false,v4,381,28811035,6/9/2024
Ram 50,Dodge,1C3CDFAA0ED924213,Crimson,1993,20316,false,v8,108,12275375,26/10/2025
RL,Acura,1G4GE5E35CF172473,Khaki,2000,49712,true,v4,121,29183608,12/4/2025
Sportage,Kia,1GYFK43569R611270,Puce,2010,50366,false,v12,447,16614861,16/3/2024
Land Cruiser,Toyota,KMHTC6AD1EU379434,Green,1998,22199,false,v8,363,11091104,24/7/2025
300M,Chrysler,WUAGNAFG7BN328003,Khaki,2003,26672,false,v4,68,25932717,2/9/2025
Sidekick,Suzuki,WUARL48H07K258133,Purple,1991,7903,true,v8,433,11128614,4/9/2024
CTS,Cadillac,JN1CV6AP2BM087184,Khaki,2007,90626,true,v6,151,28901691,28/9/2024
Century,Buick,JM1DE1HY7B0480172,Indigo,2000,5528,false,v8,439,11310935,1/11/2025
LeBaron,Chrysler,1C6RD6KPXCS659048,Blue,1994,72663,true,v12,121,20454041,25/12/2024
300,Chrysler,1GKS2FFJ3BR984480,Fuscia,2012,94441,false,v6,213,28815019,31/8/2024
6000,Pontiac,1FTEW1E86AF327815,Fuscia,1983,84908,true,v4,218,29428751,9/2/2024
Bronco,Ford,WUAYU48H68K997193,Goldenrod,1993,58092,true,v12,340,15777259,12/10/2024
Diamante,Mitsubishi,WAU3VAFR6CA358063,Green,2004,73159,false,v12,249,25898711,21/11/2023
Mustang,Ford,JN1CV6EK5CM157888,Yellow,1971,26619,false,v8,481,10524950,30/12/2024
Achieva,Oldsmobile,WBAWB73508P726882,Khaki,1995,61252,true,v6,92,11957995,8/3/2025
RAV4,Toyota,19UYA42682A152471,Crimson,1999,61918,false,v6,164,11786848,30/5/2024
Sonoma Club Coupe,GMC,2G61W5S88E9664484,Yellow,1998,70374,false,v4,487,14147550,7/6/2024
Grand Prix,Pontiac,1FTFW1E89AF827763,Khaki,2004,21289,false,v6,399,27605324,30/4/2024
Elantra,Hyundai,2C3CCAJTXCH950020,Goldenrod,1995,68526,false,v4,121,10951627,12/7/2025
Savana,GMC,1GD22XEG2FZ720711,Fuscia,2012,25237,false,v8,281,18650145,24/7/2024
Suburban 2500,GMC,SCFEBBAC6AG102045,Teal,1997,95886,false,v8,419,11143991,16/12/2023
Ram Wagon B250,Dodge,1G4HD57258U679419,Aquamarine,1992,25124,true,v8,358,29797741,14/4/2025
H1,Hummer,3N1AB6AP5BL922902,Orange,1994,35659,false,v12,69,25337549,7/12/2024
GTI,Volkswagen,JH4DC538X6S834019,Purple,2003,45194,true,v8,333,25713561,6/10/2025
IPL G,Infiniti,JHMGE8G32CC734025,Puce,2012,68138,true,v12,332,21236282,4/6/2024
Insight,Honda,WAUBF98E88A296416,Aquamarine,2004,47054,true,v12,124,12511722,18/12/2024
IS-F,Lexus,1FTSW2A56AE911657,Teal,2010,96012,true,v8,179,12387690,25/7/2024
GTI,Volkswagen,WBS3R9C55FF310836,Green,1985,28573,true,v4,83,18209255,3/5/2024
V70,Volvo,JH4CU2F62DC716166,Turquoise,2001,42214,false,v4,243,14991878,20/9/2025
626,Mazda,1C4RDJDG4EC793222,Green,1991,79480,true,v8,302,19918926,7/5/2024
Outback,Subaru,WP0CB2A84FS721734,Orange,2005,44673,false,v4,70,15513285,16/6/2024
Wrangler,Jeep,WAUAF98E75A524087,Turquoise,1994,50923,false,v8,141,18006543,14/2/2025
Rainier,Buick,KMHTC6ADXDU170451,Teal,2004,59752,true,v12,271,11474177,17/7/2025
VUE,Saturn,1ZVBP8AM8E5880778,Khaki,2007,28543,false,v8,497,18742540,11/11/2024
Outback,Subaru,2C3CDYAG1DH019190,Violet,2001,55245,true,v12,498,20620842,10/10/2024
ZDX,Acura,YV4952CZ4E1197011,Puce,2012,51314,true,v4,431,22194984,12/4/2024
Bronco,Ford,KNAFX6A84F5169623,Blue,1987,32443,false,v6,287,10250207,18/3/2025
RAV4,Toyota,WBAYP9C55ED207555,Maroon,2003,95791,true,v8,242,26070843,21/4/2024
SLK-Class,Mercedes-Benz,WAUPFAFM0CA553076,Yellow,2010,19294,false,v12,293,13116220,28/12/2023
Grand Prix,Pontiac,19UUA8F2XDA288276,Pink,1998,19471,false,v12,464,24630748,2/2/2025
Forester,Subaru,2G4GT5GV6C9462704,Khaki,2008,51282,false,v8,236,17509657,8/8/2024
G35,Infiniti,3CZRE3H31AG669135,Red,2007,86596,true,v6,113,18842057,19/4/2024
Summit,Eagle,WBA6B2C51FD391021,Green,1995,9413,true,v4,238,24670019,16/9/2024
Escalade EXT,Cadillac,5TDBK3EH2CS004006,Khaki,2011,82184,false,v4,63,28693759,8/11/2024
Yukon XL 1500,GMC,WBAVB73547K314648,Turquoise,2005,64701,true,v6,367,11507768,2/1/2025
C-Class,Mercedes-Benz,SCFEFBBC6AG039354,Khaki,2011,53932,false,v6,397,19335544,18/3/2025
960,Volvo,WUARL48H24K952933,Aquamarine,1996,70818,false,v6,258,17557193,4/9/2025
Ram Van 1500,Dodge,2HNYD2H88DH207194,Orange,1999,32513,true,v8,352,10396889,19/11/2024
FJ Cruiser,Toyota,WA1C8BFP4FA937484,Khaki,2010,20776,true,v8,238,17678019,27/9/2025
Tahoe,Chevrolet,1C4PJLAK4CW006754,Orange,2007,87072,false,v6,245,14053392,27/12/2023
Monterey,Mercury,2G4WC562351483319,Puce,2007,78253,true,v4,262,27391545,15/5/2025
Patriot,Jeep,JA4AS2AW5BU472715,Turquoise,2012,11459,true,v6,183,20633528,20/5/2024
Sportage,Kia,WBAVB73538P707917,Red,1999,88792,true,v6,182,19981095,19/12/2024
Pacifica,Chrysler,JA32U1FU2CU869496,Green,2005,94605,true,v12,249,27939861,9/1/2024
Outlander,Mitsubishi,1FTEW1C80FK984353,Teal,2005,92727,false,v4,154,10562881,6/6/2024
MX-5,Mazda,WBA6B2C52DD888639,Fuscia,2001,31549,false,v8,70,22405929,26/4/2024
aaaa,a,a,a,1,1,false,,0,0,0
Corolla,Toyota,A,Azul,2007,200000,false,v4,500,30762590,7/3/2005
